<?xml version='1.0' encoding='UTF-8'?>

<!-- =========== FULL CONFIGURATION FILE ================================== -->

<faces-config version="1.2" 
    xmlns="http://java.sun.com/xml/ns/javaee" 
    xmlns:xsi="http://www.w3.org/2001/XMLSchema-instance" 
    xsi:schemaLocation="http://java.sun.com/xml/ns/javaee http://java.sun.com/xml/ns/javaee/web-facesconfig_1_2.xsd">
    
    <converter>
        <converter-for-class>test.Payment</converter-for-class>
        <converter-class>test.PaymentConverter</converter-class>
    </converter>
    
    <managed-bean>
        <managed-bean-name>testBean</managed-bean-name>
        <managed-bean-class>test.TestBean</managed-bean-class>
        <managed-bean-scope>session</managed-bean-scope>
    </managed-bean>

    <managed-bean>
        <managed-bean-name>payment4</managed-bean-name>
        <managed-bean-class>test.Payment</managed-bean-class>
        <managed-bean-scope>session</managed-bean-scope>
        <managed-property>
	        <property-name>label</property-name>
	        <value>Credit Card 4</value>
        </managed-property>
        <managed-property>
	        <property-name>value</property-name>
	        <value>4</value>
        </managed-property>
    </managed-bean>
    
    <managed-bean>
        <managed-bean-name>testBean2</managed-bean-name>
        <managed-bean-class>test.TestBean</managed-bean-class>
        <managed-bean-scope>session</managed-bean-scope>
        <managed-property>
            <property-name>payment</property-name>
            <property-class>test.Payment</property-class>
            <value>#{payment4}</value>
        </managed-property>
        <managed-property>
            <property-name>payments</property-name>
            <list-entries>
                <value-class>test.Payment</value-class>
                <value>#{payment4}</value>
            </list-entries>
        </managed-property>
    </managed-bean>
    
</faces-config>
