<?xml version='1.0' encoding='UTF-8'?>
<!--
 # DO NOT ALTER OR REMOVE COPYRIGHT NOTICES OR THIS HEADER.
 # 
 # Copyright 1997-2009 Sun Microsystems, Inc. All rights reserved.
 # 
 # The contents of this file are subject to the terms of either the GNU
 # General Public License Version 2 only ("GPL") or the Common Development
 # and Distribution License("CDDL") (collectively, the "License").  You
 # may not use this file except in compliance with the License. You can obtain
 # a copy of the License at https://glassfish.dev.java.net/public/CDDL+GPL.html
 # or glassfish/bootstrap/legal/LICENSE.txt.  See the License for the specific
 # language governing permissions and limitations under the License.
 # 
 # When distributing the software, include this License Header Notice in each
 # file and include the License file at glassfish/bootstrap/legal/LICENSE.txt.
 # Sun designates this particular file as subject to the "Classpath" exception
 # as provided by Sun in the GPL Version 2 section of the License file that
 # accompanied this code.  If applicable, add the following below the License
 # Header, with the fields enclosed by brackets [] replaced by your own
 # identifying information: "Portions Copyrighted [year]
 # [name of copyright owner]"
 # 
 # Contributor(s):
 # 
 # If you wish your version of this file to be governed by only the CDDL or
 # only the GPL Version 2, indicate your decision by adding "[Contributor]
 # elects to include this software in this distribution under the [CDDL or GPL
 # Version 2] license."  If you don't indicate a single choice of license, a
 # recipient has the option to distribute your version of this file under
 # either the CDDL, the GPL Version 2 or to extend the choice of license to
 # its licensees as provided above.  However, if you add GPL Version 2 code
 # and therefore, elected the GPL Version 2 license, then the option applies
 # only if the new code is made subject to such option by the copyright
 # holder.

-->
<faces-config xmlns="http://java.sun.com/xml/ns/javaee"
        xmlns:xsi="http://www.w3.org/2001/XMLSchema-instance"
        xsi:schemaLocation="http://java.sun.com/xml/ns/javaee http://java.sun.com/xml/ns/javaee/web-facesconfig_2_0.xsd"
        version="2.0">

    <application>
        <message-bundle>Messages</message-bundle>
        <!-- If you don't define a <default-validators> element in any configuration file and Bean Validation is present, javax.faces.Bean will be added automatically as a default validator -->
        <!-- Include an empty <default-validators> in the configuration file with the highest precedence to disable default validators -->
        <!--
        <default-validators>
            <validator-id>javax.faces.Bean</validator-id>
        </default-validators>
        -->
        <!-- Set your browser language to French to activate French validation error messages -->
        <locale-config>
            <supported-locale>en</supported-locale>
            <supported-locale>fr</supported-locale>
        </locale-config>
    </application>

    <navigation-rule>
        <navigation-case>
            <from-outcome>success</from-outcome>
            <to-view-id>/confirmation.xhtml</to-view-id>
        </navigation-case>
    </navigation-rule>

</faces-config>
