<?xml version='1.0' encoding='UTF-8'?>

<!--
 The contents of this file are subject to the terms
 of the Common Development and Distribution License
 (the License). You may not use this file except in
 compliance with the License.
 
 You can obtain a copy of the License at
 https://javaserverfaces.dev.java.net/CDDL.html or
 legal/CDDLv1.0.txt. 
 See the License for the specific language governing
 permission and limitations under the License.
 
 When distributing Covered Code, include this CDDL
 Header Notice in each file and include the License file
 at legal/CDDLv1.0.txt.    
 If applicable, add the following below the CDDL Header,
 with the fields enclosed by brackets [] replaced by
 your own identifying information:
 "Portions Copyrighted [year] [name of copyright owner]"
 
 [Name of File] [ver.__] [Date]
 
 Copyright 2005 Sun Microsystems Inc. All Rights Reserved
-->

<faces-config xmlns="http://java.sun.com/xml/ns/javaee"
    xmlns:xsi="http://www.w3.org/2001/XMLSchema-instance"
    xsi:schemaLocation="http://java.sun.com/xml/ns/javaee http://java.sun.com/xml/ns/javaee/web-facesconfig_1_2.xsd"
    version="1.2">

  <!-- =================== Initialize Image Map Hotspot Data ============== -->

  <managed-bean>
    <managed-bean-name>imageMap</managed-bean-name>
    <managed-bean-class>com.sun.javaee.blueprints.components.ui.model.ImageMap </managed-bean-class>
    <managed-bean-scope> session </managed-bean-scope>
  </managed-bean>

  <managed-bean>
    <description>
      Causes the default VariableResolver implementation to instantiate the 
      managed bean, NA of the class, com.sun.javaee.blueprints.components.ui.model.ImageArea in application 
      scope if the bean does not already exist in any scope and initialize the
      shape, alt, and coords properties with the values specified by the
      managed-property elements.
    </description>
    <managed-bean-name> NA </managed-bean-name>
    <managed-bean-class>com.sun.javaee.blueprints.components.ui.model.ImageArea </managed-bean-class>
    <managed-bean-scope> application </managed-bean-scope>
    <managed-property>
      <description>
        Initializes the shape property of the managed bean, NA with the value, 
        poly.
      </description>
      <property-name>shape</property-name>
      <value>poly</value>
    </managed-property>
    <managed-property>
      <description>
        Initializes the alt property of the managed bean, NA with the value, 
        NAmerica.
      </description>
      <property-name>alt</property-name>
      <value>NAmerica</value>
    </managed-property>
    <managed-property>
      <description>
        Initializes the coords property of the managed bean, NA with the value 
        specified by the value element.
      </description>
      <property-name>coords</property-name>
      <value>
        6,15,6,28,2,30,6,34,13,28,17,28,25,35,25,44,37,45,45,46,45,48,48,49,48,44,60,35,55,21,48,16,6,15
      </value>
    </managed-property>
  </managed-bean>

  <managed-bean>
     <description>
      Causes the default VariableResolver implementation to instantiate the 
      managed bean, SA of the class, com.sun.javaee.blueprints.components.ui.model.ImageArea in application 
      scope if the bean does not already exist in any scope and initialize the
      shape, alt, and coords properties with the values specified by the
      managed-property elements.
    </description>
    <managed-bean-name>SA</managed-bean-name>
    <managed-bean-class>com.sun.javaee.blueprints.components.ui.model.ImageArea</managed-bean-class>
    <managed-bean-scope>application</managed-bean-scope>
    <managed-property>
      <description>
        Initializes the shape property of the managed bean, SA with the value 
        poly.
      </description>
      <property-name>shape</property-name>
      <value>poly</value>
    </managed-property>
    <managed-property>
      <description>
        Initializes the alt property of the managed bean, SA with the value 
        SAmerica.
      </description>
      <property-name>alt</property-name>
      <value>SAmerica</value>
    </managed-property>
    <managed-property>
      <description>
        Initializes the coords property of the managed bean, SA with the value 
        specified by the value element.
      </description>
      <property-name>coords</property-name>
      <value>
        29,44,49,71,49,91,54,91,73,63,57,52,46,51,39,45
      </value>
    </managed-property>
  </managed-bean>

  <managed-bean>
     <description>
      Causes the default VariableResolver implementation to instantiate the 
      managed bean, finA of the class, com.sun.javaee.blueprints.components.ui.model.ImageArea in application 
      scope if the bean does not already exist in any scope and initialize the
      shape, alt, and coords properties with the values specified by the
      managed-property elements.
    </description>
    <managed-bean-name>finA</managed-bean-name>
    <managed-bean-class>com.sun.javaee.blueprints.components.ui.model.ImageArea</managed-bean-class>
    <managed-bean-scope>application</managed-bean-scope>
    <managed-property>
      <description>
        Initializes the shape property of the managed bean, finA with the value 
        poly.
      </description>
      <property-name>shape</property-name>
      <value>poly</value>
    </managed-property>
    <managed-property>
      <description>
        Initializes the alt property of the managed bean, finA with the value 
        Finland.
      </description>
      <property-name>alt</property-name>
      <value>Finland</value>
    </managed-property>
    <managed-property>
      <description>
        Initializes the coords property of the managed bean, finA with the value 
        specified by the value element.
      </description>
      <property-name>coords</property-name>
      <value>
        97,17,94,21,97,29,102,29,101,18,97,17
      </value>
    </managed-property>
  </managed-bean>

  <managed-bean>
     <description>
      Causes the default VariableResolver implementation to instantiate the 
      managed bean, gerA of the class, com.sun.javaee.blueprints.components.ui.model.ImageArea in application 
      scope if the bean does not already exist in any scope and initialize the
      shape, alt, and coords properties with the values specified by the
      managed-property elements.
    </description>
    <managed-bean-name> gerA </managed-bean-name>
    <managed-bean-class>com.sun.javaee.blueprints.components.ui.model.ImageArea </managed-bean-class>
    <managed-bean-scope> application </managed-bean-scope>
    <managed-property>
      <description>
        Initializes the shape property of the managed bean, gerA with the value 
        poly.
      </description>
      <property-name>shape</property-name>
      <value>poly</value>
    </managed-property>
    <managed-property>
      <description>
        Initializes the alt property of the managed bean, gerA with the value 
        Germany.
      </description>
      <property-name>alt</property-name>
      <value>Germany</value>
    </managed-property>
    <managed-property>
      <description>
        Initializes the coords property of the managed bean, gerA with the value 
        specified by the value element.
      </description>
      <property-name>coords</property-name>
      <value>
        90,28,96,28,96,39,90,39,90,28
      </value>
    </managed-property>
  </managed-bean>

  <managed-bean>
     <description>
      Causes the default VariableResolver implementation to instantiate the 
      managed bean, fraA of the class, com.sun.javaee.blueprints.components.ui.model.ImageArea in application 
      scope if the bean does not already exist in any scope and initialize the
      shape, alt, and coords properties with the values specified by the
      managed-property elements.
    </description>
    <managed-bean-name> fraA </managed-bean-name>
    <managed-bean-class>com.sun.javaee.blueprints.components.ui.model.ImageArea </managed-bean-class>
    <managed-bean-scope> application </managed-bean-scope>
    <managed-property>
      <description>
        Initializes the shape property of the managed bean, fraA with the value 
        poly.
      </description>
      <property-name>shape</property-name>
      <value>poly</value>
    </managed-property>
    <managed-property>
      <description>
        Initializes the alt property of the managed bean, fraA with the value 
        France.
      </description>
      <property-name>alt</property-name>
      <value>France</value>
    </managed-property>
    <managed-property>
      <description>
        Initializes the coords property of the managed bean, fraA with the value 
        specified by the value element.
      </description>
      <property-name>coords</property-name>
      <value>
        84,31,84,39,90,39,90,30,84,31
      </value>
    </managed-property>
  </managed-bean>
  
  <managed-bean>
    <managed-bean-name>process</managed-bean-name>
    <managed-bean-class>demo.model.ProcessBean</managed-bean-class>
    <managed-bean-scope>session</managed-bean-scope>
  </managed-bean>
  
  <managed-bean>
    <managed-bean-name>RepeaterBean</managed-bean-name>
    <managed-bean-class>demo.model.RepeaterBean</managed-bean-class>
    <managed-bean-scope>request</managed-bean-scope>
  </managed-bean>

  <managed-bean>
    <managed-bean-name>ResultSetBean</managed-bean-name>
    <managed-bean-class>demo.model.ResultSetBean</managed-bean-class>
    <managed-bean-scope>session</managed-bean-scope>
  </managed-bean>
  
  <managed-bean>
    <managed-bean-name>GraphBean</managed-bean-name>
    <managed-bean-class>demo.model.GraphBean</managed-bean-class>
    <managed-bean-scope>session</managed-bean-scope>
  </managed-bean>  

  <managed-bean>
    <managed-bean-name>ChartBean</managed-bean-name>
    <managed-bean-class>demo.model.ChartBean</managed-bean-class>
    <managed-bean-scope>session</managed-bean-scope>
  </managed-bean>

  <navigation-rule>
    <from-view-id>/progressbar.jsp</from-view-id>
    <navigation-case>
      <from-outcome>start</from-outcome>
      <to-view-id>/wait.jsp</to-view-id>
    </navigation-case>
  </navigation-rule>
  
  <navigation-rule>
    <from-view-id>/wait.jsp</from-view-id>
    <navigation-case>
       <from-outcome>complete</from-outcome>
      <to-view-id>/complete.jsp</to-view-id>
    </navigation-case>
  </navigation-rule>
  
  <navigation-rule>
    <from-view-id>/complete.jsp</from-view-id>
    <navigation-case>
       <from-outcome>progressbar</from-outcome>
      <to-view-id>/progressbar.jsp</to-view-id>
    </navigation-case>
  </navigation-rule>  



</faces-config>
