<?xml version="1.0" encoding="UTF-8"?>

<!--
 The contents of this file are subject to the terms
 of the Common Development and Distribution License
 (the License). You may not use this file except in
 compliance with the License.
 
 You can obtain a copy of the License at
 https://javaserverfaces.dev.java.net/CDDL.html or
 legal/CDDLv1.0.txt. 
 See the License for the specific language governing
 permission and limitations under the License.
 
 When distributing Covered Code, include this CDDL
 Header Notice in each file and include the License file
 at legal/CDDLv1.0.txt.    
 If applicable, add the following below the CDDL Header,
 with the fields enclosed by brackets [] replaced by
 your own identifying information:
 "Portions Copyrighted [year] [name of copyright owner]"
 
 [Name of File] [ver.__] [Date]
 
 Copyright 2005 Sun Microsystems Inc. All Rights Reserved
-->


<!-- ========== Graphic+Image Properties =================================== -->


<!-- template

      <property>
        <description>
        </description>
        <display-name></display-name>
        <icon></icon>
        <property-name></property-name>
        <property-class>java.lang.String</property-class>
      </property>

-->
<root>
    <property>
        <description>
        Alternate textual description of the
        element rendered by this component.
        </description>
        <display-name>Alternate Text</display-name>
        <icon></icon>
        <property-name>alt</property-name>
        <property-class>java.lang.String</property-class>
        <property-extension>
            <pass-through>true</pass-through>
        </property-extension>
    </property>

    <property>
        <description>
        Override for the height of this image.
        </description>
        <display-name>Image Height</display-name>
        <icon></icon>
        <property-name>height</property-name>
        <property-class>java.lang.String</property-class>
        <property-extension>
            <pass-through>true</pass-through>
        </property-extension>
    </property>

    <property>
        <description>
        Flag indicating that this image is to be used as a server side
        image map.  Such an image must be enclosed within a hyperlink
        ("a").  A value of false causes no attribute to be rendered, 
        while a value of true causes the attribute to be rendered as
        ismap=&quot;ismap&quot;.
        </description>
        <display-name>Image Map Flag</display-name>
        <icon></icon>
        <property-name>ismap</property-name>
        <property-class>boolean</property-class>
        <property-extension>
            <pass-through>false</pass-through>
        </property-extension>
    </property>

    <property>
        <description>
        URI to a long description of the image
        represented by this element.
        </description>
        <display-name>Long Description</display-name>
        <icon></icon>
        <property-name>longdesc</property-name>
        <property-class>java.lang.String</property-class>
        <property-extension>
            <pass-through>true</pass-through>
        </property-extension>
    </property>

    <property>
        <description>
        The name of a client side image map (an HTML "map"
        element) for which this element provides the image.
        </description>
        <display-name>Use Image Map</display-name>
        <icon></icon>
        <property-name>usemap</property-name>
        <property-class>java.lang.String</property-class>
        <property-extension>
            <pass-through>true</pass-through>
        </property-extension>
    </property>

    <property>
        <description>
        Override for the width of this image.
        </description>
        <display-name>Image Width</display-name>
        <icon></icon>
        <property-name>width</property-name>
        <property-class>java.lang.String</property-class>
        <property-extension>
            <pass-through>true</pass-through>
        </property-extension>
    </property>
</root>
