<?xml version="1.0" encoding="UTF-8"?>

<!--
 The contents of this file are subject to the terms
 of the Common Development and Distribution License
 (the License). You may not use this file except in
 compliance with the License.
 
 You can obtain a copy of the License at
 https://javaserverfaces.dev.java.net/CDDL.html or
 legal/CDDLv1.0.txt. 
 See the License for the specific language governing
 permission and limitations under the License.
 
 When distributing Covered Code, include this CDDL
 Header Notice in each file and include the License file
 at legal/CDDLv1.0.txt.    
 If applicable, add the following below the CDDL Header,
 with the fields enclosed by brackets [] replaced by
 your own identifying information:
 "Portions Copyrighted [year] [name of copyright owner]"
 
 [Name of File] [ver.__] [Date]
 
 Copyright 2005 Sun Microsystems Inc. All Rights Reserved
-->

<!-- ========== UISelectItem Properties ==================================== -->


<!-- template

      <property>
        <description>
        </description>
        <display-name></display-name>
        <icon></icon>
        <property-name></property-name>
        <property-class>java.lang.String</property-class>
      </property>

-->
<root xmlns:xi="http://www.w3.org/2001/XInclude">
    <xi:include href="uicomponent-props.xml" xpointer="xpointer(/root/*)"/>

    <property>
        <description>
          Description of the selection item represented by this component.
          This property may be used by tools.
        </description>
        <display-name>Item Description</display-name>
        <icon></icon>
        <property-name>itemDescription</property-name>
        <property-class>java.lang.String</property-class>
    </property>

    <property>
        <description>
          Flag indicating that the selection item represented by this component
          must be rendered as disabled.
        </description>
        <display-name>Item Disabled</display-name>
        <icon></icon>
        <property-name>itemDisabled</property-name>
        <property-class>boolean</property-class>
    </property>

    <property>
        <description>
          Label of the selection item represented by this component.  This
          property is displayed to the user when the containing input
          component is rendered.
        </description>
        <display-name>Item Label</display-name>
        <icon></icon>
        <property-name>itemLabel</property-name>
        <property-class>java.lang.String</property-class>
    </property>

    <property>
        <description>
          The value returned to the server when a user chooses the selection
          item represented by this component.
        </description>
        <display-name>Item Value</display-name>
        <icon></icon>
        <property-name>itemValue</property-name>
        <property-class>java.lang.Object</property-class>
    </property>

    <property>
        <description>
          The current value of this component.
        </description>
        <display-name>Value</display-name>
        <icon></icon>
        <property-name>value</property-name>
        <property-class>java.lang.Object</property-class>
        <property-extension>
            <value-expression-enabled>true</value-expression-enabled>
        </property-extension>
    </property>
</root>
