<?xml version='1.0' encoding='UTF-8'?>

<!--
 The contents of this file are subject to the terms
 of the Common Development and Distribution License
 (the License). You may not use this file except in
 compliance with the License.
 
 You can obtain a copy of the License at
 https://javaserverfaces.dev.java.net/CDDL.html or
 legal/CDDLv1.0.txt. 
 See the License for the specific language governing
 permission and limitations under the License.
 
 When distributing Covered Code, include this CDDL
 Header Notice in each file and include the License file
 at legal/CDDLv1.0.txt.    
 If applicable, add the following below the CDDL Header,
 with the fields enclosed by brackets [] replaced by
 your own identifying information:
 "Portions Copyrighted [year] [name of copyright owner]"
 
 [Name of File] [ver.__] [Date]
 
 Copyright 2005 Sun Microsystems Inc. All Rights Reserved
-->

<!-- template

      <property>
        <description></description>
        <display-name></display-name>
        <icon></icon>
        <property-name></property-name>
        <property-class>java.lang.String</property-class>
      </property>
-->
<root>
    <property>
        <description>The component identifier for the associated component</description>
        <display-name></display-name>
        <icon></icon>
        <property-name>id</property-name>
        <property-class>java.lang.String</property-class>
    </property>

    <property>
        <description>The value binding expression used to wire up this component to a component property of a JavaBean class</description>
        <display-name></display-name>
        <icon></icon>
        <property-name>binding</property-name>
        <property-class>java.lang.String</property-class>
    </property>

    <property>
        <description>An override for the rendered attribute associated with our component</description>
        <display-name></display-name>
        <icon></icon>
        <property-name>rendered</property-name>
        <property-class>boolean</property-class>
    </property>
</root>
