<?xml version="1.0" encoding="UTF-8"?>

<!--
 The contents of this file are subject to the terms
 of the Common Development and Distribution License
 (the License). You may not use this file except in
 compliance with the License.
 
 You can obtain a copy of the License at
 https://javaserverfaces.dev.java.net/CDDL.html or
 legal/CDDLv1.0.txt. 
 See the License for the specific language governing
 permission and limitations under the License.
 
 When distributing Covered Code, include this CDDL
 Header Notice in each file and include the License file
 at legal/CDDLv1.0.txt.    
 If applicable, add the following below the CDDL Header,
 with the fields enclosed by brackets [] replaced by
 your own identifying information:
 "Portions Copyrighted [year] [name of copyright owner]"
 
 [Name of File] [ver.__] [Date]
 
 Copyright 2005 Sun Microsystems Inc. All Rights Reserved
-->


<!-- ========== Text Properties ============================================ -->


<!-- template

      <property>
        <description>
        </description>
        <display-name></display-name>
        <icon></icon>
        <property-name></property-name>
        <property-class>java.lang.String</property-class>
      </property>

-->
<root>
    <property>
        <description>
          Alternate textual description of the
          element rendered by this component.
        </description>
        <display-name>Alternate Text</display-name>
        <icon></icon>
        <property-name>alt</property-name>
        <property-class>java.lang.String</property-class>
        <property-extension>
            <pass-through>true</pass-through>
        </property-extension>
    </property>

    <property>
        <description>
        If the value of this attribute is "off", render "off" as the value
        of the attribute. This indicates that the  browser should
        disable its autocomplete feature for this component.  This is
        useful for components that perform autocompletion and do not
        want the browser interfering.  If this attribute is not set or the value 
        is "on", render nothing.
        </description>
        <display-name>Enable or disable browser autocompletion.</display-name>
        <icon></icon>
        <property-name>autocomplete</property-name>
        <property-class>java.lang.String</property-class>
    </property>

    <property>
        <description>
          The maximum number of characters that may
          be entered in this field.
        </description>
        <display-name>Maximum Length</display-name>
        <icon></icon>
        <property-name>maxlength</property-name>
        <property-class>int</property-class>
        <property-extension>
            <pass-through>true</pass-through>
        </property-extension>
    </property>

    <property>
        <description>
          The number of characters used to determine
          the width of this field.
        </description>
        <display-name>Field Width</display-name>
        <icon></icon>
        <property-name>size</property-name>
        <property-class>int</property-class>
        <property-extension>
            <pass-through>true</pass-through>
        </property-extension>
    </property>
</root>
