<?xml version="1.0" encoding="UTF-8"?>

<!--
 The contents of this file are subject to the terms
 of the Common Development and Distribution License
 (the License). You may not use this file except in
 compliance with the License.
 
 You can obtain a copy of the License at
 https://javaserverfaces.dev.java.net/CDDL.html or
 legal/CDDLv1.0.txt. 
 See the License for the specific language governing
 permission and limitations under the License.
 
 When distributing Covered Code, include this CDDL
 Header Notice in each file and include the License file
 at legal/CDDLv1.0.txt.    
 If applicable, add the following below the CDDL Header,
 with the fields enclosed by brackets [] replaced by
 your own identifying information:
 "Portions Copyrighted [year] [name of copyright owner]"
 
 [Name of File] [ver.__] [Date]
 
 Copyright 2005 Sun Microsystems Inc. All Rights Reserved
-->

<!-- ========== UIViewRoot Properties ====================================== -->


<!-- template

      <property>
        <description>
        </description>
        <display-name></display-name>
        <icon></icon>
        <property-name></property-name>
        <property-class>java.lang.String</property-class>
      </property>

-->
<root xmlns:xi="http://www.w3.org/2001/XInclude">
    <xi:include href="uicomponent-props.xml" xpointer="xpointer(/root/*)"/>

    <property>
        <description>
          Locale to be used in localizing the rendered output of this view.
        </description>
        <display-name>Locale</display-name>
        <icon></icon>
        <property-name>locale</property-name>
        <property-class>java.util.Locale</property-class>
        <property-extension>
            <tag-attribute>false</tag-attribute>
        </property-extension>
    </property>

    <property>
        <description>
          Identifier of the RenderKit being used to display this view.
        </description>
        <display-name>Render Kit Id</display-name>
        <icon></icon>
        <property-name>renderKitId</property-name>
        <property-class>java.lang.String</property-class>
        <property-extension>
            <tag-attribute>false</tag-attribute>
        </property-extension>
    </property>

    <property>
        <description>
          Identifier of the view represented by this component tree.
        </description>
        <display-name>View Id</display-name>
        <icon></icon>
        <property-name>viewId</property-name>
        <property-class>java.lang.String</property-class>
        <property-extension>
            <tag-attribute>false</tag-attribute>
        </property-extension>
    </property>
</root>
