<?xml version='1.0' encoding='UTF-8'?>

<!--
 The contents of this file are subject to the terms
 of the Common Development and Distribution License
 (the License). You may not use this file except in
 compliance with the License.
 
 You can obtain a copy of the License at
 https://javaserverfaces.dev.java.net/CDDL.html or
 legal/CDDLv1.0.txt. 
 See the License for the specific language governing
 permission and limitations under the License.
 
 When distributing Covered Code, include this CDDL
 Header Notice in each file and include the License file
 at legal/CDDLv1.0.txt.    
 If applicable, add the following below the CDDL Header,
 with the fields enclosed by brackets [] replaced by
 your own identifying information:
 "Portions Copyrighted [year] [name of copyright owner]"
 
 [Name of File] [ver.__] [Date]
 
 Copyright 2005 Sun Microsystems Inc. All Rights Reserved
-->

<faces-config xmlns="http://java.sun.com/xml/ns/javaee"
    xmlns:xsi="http://www.w3.org/2001/XMLSchema-instance"
    xsi:schemaLocation="http://java.sun.com/xml/ns/javaee http://java.sun.com/xml/ns/javaee/web-facesconfig_1_2.xsd"
    version="1.2">

  <application>
    <locale-config>
      <default-locale>en</default-locale>
      <supported-locale>de</supported-locale>
      <supported-locale>fr</supported-locale>
      <supported-locale>es</supported-locale>
    </locale-config>
  </application>
  
  <navigation-rule>
    <description>
        The decision rule used by the NavigationHandler to
        determine which view must be displayed after the
        current view, greeting.jsp is processed.
    </description>
    <from-view-id>/greeting.jsp</from-view-id>
    <navigation-case>
        <description>
            Indicates to the NavigationHandler that the response.jsp
            view must be displayed if the Action referenced by a 
            UICommand component on the greeting.jsp view returns 
            the outcome "success".
        </description>
      <from-outcome>success</from-outcome>
      <to-view-id>/response.jsp</to-view-id>
    </navigation-case>
  </navigation-rule>

  <navigation-rule>
   <description>
        The decision rules used by the NavigationHandler to
        determine which view must be displayed after the
        current view, response.jsp is processed.
    </description>
    <from-view-id>/response.jsp</from-view-id>
    <navigation-case>
        <description>
            Indicates to the NavigationHandler that the greeting.jsp
            view must be displayed if the Action referenced by a 
            UICommand component on the response.jsp view returns 
            the outcome "success".
        </description>
        <from-outcome>success</from-outcome>
      <to-view-id>/greeting.jsp</to-view-id>
    </navigation-case>
  </navigation-rule>

  <managed-bean>
    <description>
      The "backing file" bean that backs up the guessNumber webapp
    </description>
    <managed-bean-name>UserNumberBean</managed-bean-name>
    <managed-bean-class>guessNumber.UserNumberBean</managed-bean-class>
    <managed-bean-scope>session</managed-bean-scope>
    <managed-property>
      <property-name>minimum</property-name>
      <property-class>int</property-class>
      <value>1</value>
    </managed-property>
    <managed-property>
      <property-name>maximum</property-name>
      <property-class>int</property-class>
      <value>10</value>
    </managed-property>

  </managed-bean>
  
  <managed-bean>
    <description>
      The "backing file" bean that backs up the guessNumber webapp
    </description>
    <managed-bean-name>requestBean</managed-bean-name>
    <managed-bean-class>guessNumber.UserNumberBean</managed-bean-class>
    <managed-bean-scope>request</managed-bean-scope>
    <managed-property>
      <property-name>minimum</property-name>
      <property-class>int</property-class>
      <value>12</value>
    </managed-property>
    <managed-property>
      <property-name>maximum</property-name>
      <property-class>int</property-class>
      <value>22</value>
    </managed-property>

  </managed-bean>


</faces-config>
