<?xml version='1.0' encoding='UTF-8'?>

<!--
 DO NOT ALTER OR REMOVE COPYRIGHT NOTICES OR THIS HEADER.
 
 Copyright 1997-2007 Sun Microsystems, Inc. All rights reserved.
 
 The contents of this file are subject to the terms of either the GNU
 General Public License Version 2 only ("GPL") or the Common Development
 and Distribution License("CDDL") (collectively, the "License").  You
 may not use this file except in compliance with the License. You can obtain
 a copy of the License at https://glassfish.dev.java.net/public/CDDL+GPL.html
 or glassfish/bootstrap/legal/LICENSE.txt.  See the License for the specific
 language governing permissions and limitations under the License.
 
 When distributing the software, include this License Header Notice in each
 file and include the License file at glassfish/bootstrap/legal/LICENSE.txt.
 Sun designates this particular file as subject to the "Classpath" exception
 as provided by Sun in the GPL Version 2 section of the License file that
 accompanied this code.  If applicable, add the following below the License
 Header, with the fields enclosed by brackets [] replaced by your own
 identifying information: "Portions Copyrighted [year]
 [name of copyright owner]"
 
 Contributor(s):
 
 If you wish your version of this file to be governed by only the CDDL or
 only the GPL Version 2, indicate your decision by adding "[Contributor]
 elects to include this software in this distribution under the [CDDL or GPL
 Version 2] license."  If you don't indicate a single choice of license, a
 recipient has the option to distribute your version of this file under
 either the CDDL, the GPL Version 2 or to extend the choice of license to
 its licensees as provided above.  However, if you add GPL Version 2 code
 and therefore, elected the GPL Version 2 license, then the option applies
 only if the new code is made subject to such option by the copyright
 holder.
-->

<faces-config xmlns="http://java.sun.com/xml/ns/javaee"
    xmlns:xsi="http://www.w3.org/2001/XMLSchema-instance"
    xsi:schemaLocation="http://java.sun.com/xml/ns/javaee http://java.sun.com/xml/ns/javaee/web-facesconfig_1_2.xsd"
    version="1.2">

  <!-- =================== Initialize Image Map Hotspot Data ============== -->

  <managed-bean>
    <managed-bean-name>imageMap</managed-bean-name>
    <managed-bean-class>com.sun.javaee.blueprints.components.ui.model.ImageMap </managed-bean-class>
    <managed-bean-scope> session </managed-bean-scope>
  </managed-bean>

  <managed-bean>
    <description>
      Causes the default VariableResolver implementation to instantiate the 
      managed bean, NA of the class, com.sun.javaee.blueprints.components.ui.model.ImageArea in application 
      scope if the bean does not already exist in any scope and initialize the
      shape, alt, and coords properties with the values specified by the
      managed-property elements.
    </description>
    <managed-bean-name> NA </managed-bean-name>
    <managed-bean-class>com.sun.javaee.blueprints.components.ui.model.ImageArea </managed-bean-class>
    <managed-bean-scope> application </managed-bean-scope>
    <managed-property>
      <description>
        Initializes the shape property of the managed bean, NA with the value, 
        poly.
      </description>
      <property-name>shape</property-name>
      <value>poly</value>
    </managed-property>
    <managed-property>
      <description>
        Initializes the alt property of the managed bean, NA with the value, 
        NAmerica.
      </description>
      <property-name>alt</property-name>
      <value>NAmerica</value>
    </managed-property>
    <managed-property>
      <description>
        Initializes the coords property of the managed bean, NA with the value 
        specified by the value element.
      </description>
      <property-name>coords</property-name>
      <value>
        6,15,6,28,2,30,6,34,13,28,17,28,25,35,25,44,37,45,45,46,45,48,48,49,48,44,60,35,55,21,48,16,6,15
      </value>
    </managed-property>
  </managed-bean>

  <managed-bean>
     <description>
      Causes the default VariableResolver implementation to instantiate the 
      managed bean, SA of the class, com.sun.javaee.blueprints.components.ui.model.ImageArea in application 
      scope if the bean does not already exist in any scope and initialize the
      shape, alt, and coords properties with the values specified by the
      managed-property elements.
    </description>
    <managed-bean-name>SA</managed-bean-name>
    <managed-bean-class>com.sun.javaee.blueprints.components.ui.model.ImageArea</managed-bean-class>
    <managed-bean-scope>application</managed-bean-scope>
    <managed-property>
      <description>
        Initializes the shape property of the managed bean, SA with the value 
        poly.
      </description>
      <property-name>shape</property-name>
      <value>poly</value>
    </managed-property>
    <managed-property>
      <description>
        Initializes the alt property of the managed bean, SA with the value 
        SAmerica.
      </description>
      <property-name>alt</property-name>
      <value>SAmerica</value>
    </managed-property>
    <managed-property>
      <description>
        Initializes the coords property of the managed bean, SA with the value 
        specified by the value element.
      </description>
      <property-name>coords</property-name>
      <value>
        29,44,49,71,49,91,54,91,73,63,57,52,46,51,39,45
      </value>
    </managed-property>
  </managed-bean>

  <managed-bean>
     <description>
      Causes the default VariableResolver implementation to instantiate the 
      managed bean, finA of the class, com.sun.javaee.blueprints.components.ui.model.ImageArea in application 
      scope if the bean does not already exist in any scope and initialize the
      shape, alt, and coords properties with the values specified by the
      managed-property elements.
    </description>
    <managed-bean-name>finA</managed-bean-name>
    <managed-bean-class>com.sun.javaee.blueprints.components.ui.model.ImageArea</managed-bean-class>
    <managed-bean-scope>application</managed-bean-scope>
    <managed-property>
      <description>
        Initializes the shape property of the managed bean, finA with the value 
        poly.
      </description>
      <property-name>shape</property-name>
      <value>poly</value>
    </managed-property>
    <managed-property>
      <description>
        Initializes the alt property of the managed bean, finA with the value 
        Finland.
      </description>
      <property-name>alt</property-name>
      <value>Finland</value>
    </managed-property>
    <managed-property>
      <description>
        Initializes the coords property of the managed bean, finA with the value 
        specified by the value element.
      </description>
      <property-name>coords</property-name>
      <value>
        97,17,94,21,97,29,102,29,101,18,97,17
      </value>
    </managed-property>
  </managed-bean>

  <managed-bean>
     <description>
      Causes the default VariableResolver implementation to instantiate the 
      managed bean, gerA of the class, com.sun.javaee.blueprints.components.ui.model.ImageArea in application 
      scope if the bean does not already exist in any scope and initialize the
      shape, alt, and coords properties with the values specified by the
      managed-property elements.
    </description>
    <managed-bean-name> gerA </managed-bean-name>
    <managed-bean-class>com.sun.javaee.blueprints.components.ui.model.ImageArea </managed-bean-class>
    <managed-bean-scope> application </managed-bean-scope>
    <managed-property>
      <description>
        Initializes the shape property of the managed bean, gerA with the value 
        poly.
      </description>
      <property-name>shape</property-name>
      <value>poly</value>
    </managed-property>
    <managed-property>
      <description>
        Initializes the alt property of the managed bean, gerA with the value 
        Germany.
      </description>
      <property-name>alt</property-name>
      <value>Germany</value>
    </managed-property>
    <managed-property>
      <description>
        Initializes the coords property of the managed bean, gerA with the value 
        specified by the value element.
      </description>
      <property-name>coords</property-name>
      <value>
        90,28,96,28,96,39,90,39,90,28
      </value>
    </managed-property>
  </managed-bean>

  <managed-bean>
     <description>
      Causes the default VariableResolver implementation to instantiate the 
      managed bean, fraA of the class, com.sun.javaee.blueprints.components.ui.model.ImageArea in application 
      scope if the bean does not already exist in any scope and initialize the
      shape, alt, and coords properties with the values specified by the
      managed-property elements.
    </description>
    <managed-bean-name> fraA </managed-bean-name>
    <managed-bean-class>com.sun.javaee.blueprints.components.ui.model.ImageArea </managed-bean-class>
    <managed-bean-scope> application </managed-bean-scope>
    <managed-property>
      <description>
        Initializes the shape property of the managed bean, fraA with the value 
        poly.
      </description>
      <property-name>shape</property-name>
      <value>poly</value>
    </managed-property>
    <managed-property>
      <description>
        Initializes the alt property of the managed bean, fraA with the value 
        France.
      </description>
      <property-name>alt</property-name>
      <value>France</value>
    </managed-property>
    <managed-property>
      <description>
        Initializes the coords property of the managed bean, fraA with the value 
        specified by the value element.
      </description>
      <property-name>coords</property-name>
      <value>
        84,31,84,39,90,39,90,30,84,31
      </value>
    </managed-property>
  </managed-bean>
  
  <managed-bean>
    <managed-bean-name>process</managed-bean-name>
    <managed-bean-class>demo.model.ProcessBean</managed-bean-class>
    <managed-bean-scope>session</managed-bean-scope>
  </managed-bean>
  
  <managed-bean>
    <managed-bean-name>RepeaterBean</managed-bean-name>
    <managed-bean-class>demo.model.RepeaterBean</managed-bean-class>
    <managed-bean-scope>request</managed-bean-scope>
  </managed-bean>

  <managed-bean>
    <managed-bean-name>ResultSetBean</managed-bean-name>
    <managed-bean-class>demo.model.ResultSetBean</managed-bean-class>
    <managed-bean-scope>session</managed-bean-scope>
  </managed-bean>
  
  <managed-bean>
    <managed-bean-name>GraphBean</managed-bean-name>
    <managed-bean-class>demo.model.GraphBean</managed-bean-class>
    <managed-bean-scope>session</managed-bean-scope>
  </managed-bean>  

  <managed-bean>
    <managed-bean-name>ChartBean</managed-bean-name>
    <managed-bean-class>demo.model.ChartBean</managed-bean-class>
    <managed-bean-scope>session</managed-bean-scope>
  </managed-bean>

  <navigation-rule>
    <from-view-id>/progressbar.jsp</from-view-id>
    <navigation-case>
      <from-outcome>start</from-outcome>
      <to-view-id>/wait.jsp</to-view-id>
    </navigation-case>
  </navigation-rule>
  
  <navigation-rule>
    <from-view-id>/wait.jsp</from-view-id>
    <navigation-case>
       <from-outcome>complete</from-outcome>
      <to-view-id>/complete.jsp</to-view-id>
    </navigation-case>
  </navigation-rule>
  
  <navigation-rule>
    <from-view-id>/complete.jsp</from-view-id>
    <navigation-case>
       <from-outcome>progressbar</from-outcome>
      <to-view-id>/progressbar.jsp</to-view-id>
    </navigation-case>
  </navigation-rule>  



</faces-config>
