<?xml version="1.0" encoding="UTF-8"?>

<!--
 The contents of this file are subject to the terms
 of the Common Development and Distribution License
 (the License). You may not use this file except in
 compliance with the License.
 
 You can obtain a copy of the License at
 https://javaserverfaces.dev.java.net/CDDL.html or
 legal/CDDLv1.0.txt. 
 See the License for the specific language governing
 permission and limitations under the License.
 
 When distributing Covered Code, include this CDDL
 Header Notice in each file and include the License file
 at legal/CDDLv1.0.txt.    
 If applicable, add the following below the CDDL Header,
 with the fields enclosed by brackets [] replaced by
 your own identifying information:
 "Portions Copyrighted [year] [name of copyright owner]"
 
 [Name of File] [ver.__] [Date]
 
 Copyright 2005 Sun Microsystems Inc. All Rights Reserved
-->


<!-- ========== Input Properties =========================================== -->


<!-- template

      <property>
        <description>
        </description>
        <display-name></display-name>
        <icon></icon>
        <property-name></property-name>
        <property-class>java.lang.String</property-class>
      </property>

-->
<root>
    <property>
        <description>
          Flag indicating that this element must never receive focus or
          be included in a subsequent submit.  A value of false causes
          no attribute to be rendered, while a value of true causes the
          attribute to be rendered as disabled=&quot;disabled&quot;.            
        </description>
        <display-name>Disabled Flag</display-name>
        <icon></icon>
        <property-name>disabled</property-name>
        <property-class>boolean</property-class>
        <property-extension>
            <pass-through>false</pass-through>
        </property-extension>
    </property>

    <property>
        <description>
          Javascript code executed when this element loses focus
          and its value has been modified since gaining focus.
        </description>
        <display-name>Input Change Script</display-name>
        <icon></icon>
        <property-name>onchange</property-name>
        <property-class>java.lang.String</property-class>
        <property-extension>
            <pass-through>true</pass-through>
        </property-extension>
    </property>

    <property>
        <description>
          Javascript code executed when text within this
          element is selected by the user.
        </description>
        <display-name>Text Select Script</display-name>
        <icon></icon>
        <property-name>onselect</property-name>
        <property-class>java.lang.String</property-class>
        <property-extension>
            <pass-through>true</pass-through>
        </property-extension>
    </property>

    <property>
        <description>
          Flag indicating that this component will prohibit changes by
          the user.  The element may receive focus unless it has also
          been disabled.  A value of false causes
          no attribute to be rendered, while a value of true causes the
          attribute to be rendered as readonly=&quot;readonly&quot;.
        </description>
        <display-name>Read Only Flag</display-name>
        <icon></icon>
        <property-name>readonly</property-name>
        <property-class>boolean</property-class>
        <property-extension>
            <pass-through>false</pass-through>
        </property-extension>
    </property>

    <property>
        <description>
          A localized user presentable name for this component.
        </description>
        <display-name>Label</display-name>
        <icon></icon>
        <property-name>label</property-name>
        <property-class>java.lang.String</property-class>
        <property-extension>
            <renderer-attribute-ignore>true</renderer-attribute-ignore>
        </property-extension>
    </property>
</root>
