<?xml version="1.0" encoding="UTF-8"?>

<!--
 The contents of this file are subject to the terms
 of the Common Development and Distribution License
 (the License). You may not use this file except in
 compliance with the License.
 
 You can obtain a copy of the License at
 https://javaserverfaces.dev.java.net/CDDL.html or
 legal/CDDLv1.0.txt. 
 See the License for the specific language governing
 permission and limitations under the License.
 
 When distributing Covered Code, include this CDDL
 Header Notice in each file and include the License file
 at legal/CDDLv1.0.txt.    
 If applicable, add the following below the CDDL Header,
 with the fields enclosed by brackets [] replaced by
 your own identifying information:
 "Portions Copyrighted [year] [name of copyright owner]"
 
 [Name of File] [ver.__] [Date]
 
 Copyright 2005 Sun Microsystems Inc. All Rights Reserved
-->

<!-- ========== ValueHolder Properties ===================================== -->


<!-- template

      <property>
        <description>
        </description>
        <display-name></display-name>
        <icon></icon>
        <property-name></property-name>
        <property-class>java.lang.String</property-class>
      </property>

-->
<root>
    <property>
        <description>
          Converter instance registered with this component.
        </description>
        <display-name>Converter</display-name>
        <icon></icon>
        <property-name>converter</property-name>
        <property-class>javax.faces.convert.Converter</property-class>
        <property-extension>
            <value-expression-enabled>true</value-expression-enabled>
        </property-extension>
    </property>

    <property>
        <description>
          For output components, this is the same as the "value" property.
          For input components, this is the most recently user-entered
          value, which will be pushed to the application data model during
          Update Model Values phase, if a value binding is present for the
          "value" property.
        </description>
        <display-name>Local Value</display-name>
        <icon></icon>
        <property-name>localValue</property-name>
        <property-class>java.lang.Object</property-class>
        <property-extension>
            <tag-attribute>false</tag-attribute>
        </property-extension>
    </property>

    <property>
        <description>
          The current value of this component.
        </description>
        <display-name>Value</display-name>
        <icon></icon>
        <property-name>value</property-name>
        <property-class>java.lang.Object</property-class>
        <property-extension>
            <value-expression-enabled>true</value-expression-enabled>
        </property-extension>
    </property>
</root>
