<?xml version="1.0" encoding="UTF-8"?>

<!--
 The contents of this file are subject to the terms
 of the Common Development and Distribution License
 (the License). You may not use this file except in
 compliance with the License.
 
 You can obtain a copy of the License at
 https://javaserverfaces.dev.java.net/CDDL.html or
 legal/CDDLv1.0.txt. 
 See the License for the specific language governing
 permission and limitations under the License.
 
 When distributing Covered Code, include this CDDL
 Header Notice in each file and include the License file
 at legal/CDDLv1.0.txt.    
 If applicable, add the following below the CDDL Header,
 with the fields enclosed by brackets [] replaced by
 your own identifying information:
 "Portions Copyrighted [year] [name of copyright owner]"
 
 [Name of File] [ver.__] [Date]
 
 Copyright 2005 Sun Microsystems Inc. All Rights Reserved
-->

<project name="JSF Dependencies" basedir=".">

    <!-- 
        Current Dependencies
           HtmlUnit 1.8
           Cactus 1.3-1.7.1
           JUnit 3.8.1
           Taglibrary Document Generator 1.3
           Maven java.net repository importer 1.2
    -->

    <property name="dependency.base.dir" value="${jsf.build.home}/dependencies"/>
    <property name="dependency.jar.dir" value="${dependency.base.dir}/jars"/>
	
    <property name="junit.version" value="3.8.1"/>
    <property name="htmlunit.version" value="1.10"/>
    <property name="cactus.version" value="13-1.7.1"/>
    <property name="taglibdoc.version" value="1.3"/>
    <property name="servlet.api.version" value="2.5"/>
    <property name="jsp.api.version" value="2.1"/>
    <property name="jstl.api.version" value="1.2"/>
    <property name="annotation.api.version" value="1.0"/>
    <property name="maven.repository.importer.version" value="1.2"/>
	
    <property name="maven2.mirror" value="http://mirrors.ibiblio.org/pub/mirrors/maven2"/>
	<property name="java.net.maven" value="https://maven-repository.dev.java.net/nonav/repository/"/>
    <property name="download.java.net" value="http://download.java.net/javaee5/external/shared"/>

    <property name="junit.home" value="${dependency.base.dir}/junit${junit.version}"/>
    <property name="htmlunit.home" value="${dependency.base.dir}/htmlunit-${htmlunit.version}"/>
    <property name="cactus.home" value="${dependency.base.dir}/jakarta-cactus-${cactus.version}"/>
    <property name="taglibdoc.home" value="${dependency.base.dir}/taglibrarydoc-${taglibdoc.version}"/>
    <property name="maven.repository.importer.home" value="${dependency.base.dir}/maven-repository-importer-${maven.repository.importer.version}"/>
    <property name="servlet.home" value="${dependency.base.dir}/servlet-${servlet.api.version}"/>
    <property name="jsp.home" value="${dependency.base.dir}/jsp-${jsp.api.version}"/>
    <property name="jstl.home" value="${dependency.base.dir}/jstl-${jstl.api.version}"/>
    <property name="annotation.home" value="${dependency.base.dir}/annotation-${annotation.api.version}"/>

    <property name="junit.jar"                     value="${dependency.jar.dir}/junit-${junit.version}.jar"/>
    <property name="htmlunit.jar"                  value="${dependency.jar.dir}/htmlunit-${htmlunit.version}.jar"/>
    <property name="tlddoc.jar"                    value="${dependency.jar.dir}/tlddoc-${taglibdoc.version}.jar"/>
    <property name="maven.repository.importer.jar" value="${dependency.jar.dir}/maven-repository-importer-${maven.repository.importer.version}.jar"/>
    <property name="servlet.jar"                   value="${dependency.jar.dir}/servlet-api-${servlet.api.version}.jar"/>
    <property name="jsp.jar"                       value="${dependency.jar.dir}/jsp-api-${jsp.api.version}.jar"/>
    <property name="jstl.jar"                      value="${dependency.jar.dir}/jstl-${jstl.api.version}.jar"/>
    <property name="annotation.jar"                value="${dependency.jar.dir}/jsr250-api-${annotation.api.version}.jar"/>
    <property name="sun-commons-beanutils.jar"     value="${dependency.jar.dir}/com-sun-commons-beanutils.jar"/>
    <property name="sun-commons-digester.jar"      value="${dependency.jar.dir}/com-sun-commons-digester.jar"/>
    <property name="sun-commons-collections.jar"   value="${dependency.jar.dir}/com-sun-commons-collections.jar"/>
    <property name="sun-commons-logging.jar"       value="${dependency.jar.dir}/com-sun-commons-logging-api.jar"/>

    <property name="glassfish.download.url"        value="http://java.net/download/javaee5/fcs_branch/promoted" />
    <property name="glassfish.installer.jar"       value="glassfish-installer-v1_ur1-p01-b02.jar"/>    

    <target name="update" description="Download project dependencies">
        <mkdir dir="${dependency.base.dir}/downloads"/>
    	<mkdir dir="${dependency.jar.dir}" />

        <!-- setup the proxy if necessary -->
        <if>
            <and>
                <length string="${http.proxy.host}" when="greater" length="0"/>
                <length string="${http.proxy.port}" when="greater" length="0"/>
            </and>
            <then>
                <setproxy proxyhost="${http.proxy.host}"
                          proxyport="${http.proxy.port}"/>
            </then>
        </if>

        <!-- JUNIT -->
        <if>
            <not>
                <available file="${junit.jar}" property="ignored"/>
            </not>
            <then>
                <get src="${maven2.mirror}/junit/junit/${junit.version}/junit-${junit.version}.jar"
                     dest="${junit.jar}"
                     usetimestamp="true"/>
            </then>
        </if>

        <!-- HTMLUNIT -->
    	<!--
    	This one needs a ton of extras, so we have to do this one like this or
    	add a bunch more deps.  Maybe another day... :)
    	-->
        <if>
            <not>
                <available file="${htmlunit.home}" property="ignored"/>
            </not>
            <then>
                <get src="http://easynews.dl.sourceforge.net/sourceforge/htmlunit/htmlunit-${htmlunit.version}.zip"
                     dest="${dependency.base.dir}/downloads/htmlunit-${htmlunit.version}.zip"
                     usetimestamp="true"/>
                <unzip
                      src="${dependency.base.dir}/downloads/htmlunit-${htmlunit.version}.zip"
                      dest="${dependency.base.dir}"/>
            </then>
        </if>

        <!-- CACTUS -->
    	<!-- Is this not in a maven repo somewhere? -->
        <if>
            <not>
                <available file="${cactus.home}" property="ignored"/>
            </not>
            <then>
                <get src="http://archive.apache.org/dist/jakarta/cactus/binaries/jakarta-cactus-${cactus.version}.zip"
                     dest="${dependency.base.dir}/downloads/jakarta-cactus-${cactus.version}.zip"
                     usetimestamp="true"/>
                <unzip
                      src="${dependency.base.dir}/downloads/jakarta-cactus-${cactus.version}.zip"
                      dest="${dependency.base.dir}"/>
            </then>
        </if>

        <!-- TAGLIBDOC -->
        <if>
            <not>
                <available file="${tlddoc.jar}" property="ignored"/>
            </not>
            <then>
                <get src="${maven2.mirror}/taglibrarydoc/tlddoc/${taglibdoc.version}/tlddoc-${taglibdoc.version}.jar"
                     dest="${tlddoc.jar}"
                     usetimestamp="true"/>

            </then>
        </if>

        <!-- MAVEN REPOSITORY IMPORTER -->
        <if>
            <not>
                <available file="${maven.repository.importer.jar}" property="ignored"/>
            </not>
            <then>
                <get src="${java.net.maven}/com.sun.wts.tools.mri/jars/maven-repository-importer-${maven.repository.importer.version}.jar"
                     dest="${maven.repository.importer.jar}"
                     usetimestamp="true"/>

            </then>
        </if>

        <!-- SERVLET API -->
        <if>
            <not>
                <available file="${servlet.jar}" property="ignored"/>
            </not>
            <then>
                <get src="${java.net.maven}/javax.servlet/jars/servlet-api-${servlet.api.version}.jar"
                     dest="${servlet.jar}"
                     usetimestamp="true"/>

            </then>
        </if>

        <!-- JSP API -->
        <if>
            <not>
                <available file="${jsp.jar}" property="ignored"/>
            </not>
            <then>
                <get src="${java.net.maven}/javax.servlet.jsp/jars/jsp-api-${jsp.api.version}.jar"
                     dest="${jsp.jar}"
                     usetimestamp="true"/>

            </then>
        </if>


        <!-- JSTL API -->
        <if>
            <not>
                <available file="${jstl.jar}" property="ignored"/>
            </not>
            <then>
                <get src="${java.net.maven}/jstl/jars/jstl-${jstl.api.version}.jar"
                     dest="${jstl.jar}"
                     usetimestamp="true"/>

            </then>
        </if>

        <!-- ANNOTATION API -->
        <if>
            <not>
                <available file="${annotation.jar}" property="ignored"/>
            </not>
            <then>
                <get src="${java.net.maven}/javax.annotation/jars/jsr250-api-${annotation.api.version}.jar"
                     dest="${annotation.jar}"
                     usetimestamp="true"/>

            </then>
        </if>

        <!-- com-sun-commons -->
        <if>
            <not>
                <available file="${sun-commons-collections.jar}" property="ignored"/>
            </not>
            <then>
                <get src="${download.java.net}/com-sun-commons-collections/jars/com-sun-commons-collections-2.1.jar"
                     dest="${dependency.base.dir}/jars/com-sun-commons-collections-2.1.jar"
                     usetimestamp="true"/>
                <unjar src="${dependency.base.dir}/jars/com-sun-commons-collections-2.1.jar" dest="${dependency.jar.dir}"/>
                <delete file="${dependency.base.dir}/jars/com-sun-commons-collections-2.1.jar"/>
            </then>
        </if>

        <if>
            <not>
                <available file="${sun-commons-digester.jar}" property="ignored"/>
            </not>
            <then>
                <get src="${download.java.net}/com-sun-commons-digester/jars/com-sun-commons-digester-1.5.jar"
                     dest="${dependency.base.dir}/jars/com-sun-commons-digester-1.5.jar"
                     usetimestamp="true"/>
                <unjar src="${dependency.base.dir}/jars/com-sun-commons-digester-1.5.jar" dest="${dependency.jar.dir}"/>
                <delete file="${dependency.base.dir}/jars/com-sun-commons-digester-1.5.jar"/>
            </then>
        </if>

        <if>
            <not>
                <available file="${sun-commons-beanutils.jar}" property="ignored"/>
            </not>
            <then>
                <get src="${download.java.net}/com-sun-commons-beanutils/jars/com-sun-commons-beanutils-1.6.1.jar"
                     dest="${dependency.base.dir}/jars/com-sun-commons-beanutils-1.6.1.jar"
                     usetimestamp="true"/>
                <unjar src="${dependency.base.dir}/jars/com-sun-commons-beanutils-1.6.1.jar" dest="${dependency.jar.dir}"/>
                <delete file="${dependency.base.dir}/jars/com-sun-commons-beanutils-1.6.1.jar"/>
            </then>
        </if>

        <if>
            <not>
                <available file="${sun-commons-logging.jar}" property="ignored"/>
            </not>
            <then>
                <get src="${download.java.net}/com-sun-commons-logging/jars/com-sun-commons-logging-1.0.4.jar"
                     dest="${dependency.base.dir}/jars/com-sun-commons-logging-1.0.4.jar"
                     usetimestamp="true"/>
                <unjar src="${dependency.base.dir}/jars/com-sun-commons-logging-1.0.4.jar" dest="${dependency.jar.dir}"/>
                <delete file="${dependency.base.dir}/jars/com-sun-commons-logging-1.0.4.jar"/>
            </then>
        </if>


        <antcall target="update.containers"/>
    </target>


    <property name="glassfish.home"
              value="${dependency.base.dir}/glassfish"/>
    <property name="tomcat6.home"
              value="${dependency.base.dir}/apache-tomcat-6.0.2"/>
    <property name="glassfish.jar"
              value="${glassfish.home}/lib/appserv-rt.jar"/>
    <property name="tomcat6.jar"
              value="${tomcat6.home}/lib/catalina.jar"/>
    <property name="jetty.version" value="6.1.2rc0"/>
    <property name="jetty.home"
              value="${dependency.base.dir}/jetty-${jetty.version}"/>
    <property name="jetty.annotations.jar"
              value="${jetty.home}/lib/annotations/jetty-annotations-${jetty.version}.jar"/>
    <property name="jetty.plus.jar"
              value="${jetty.home}/lib/plus/jetty-plus-${jetty.version}.jar"/>
    <target name="update.containers"
            description="Downloads containers necessary for building implementation specific additions"
            depends="detect.os">
        <if>
            <not>
                <available file="${glassfish.home}" property="ignored" />
            </not>
            <then>
                <if>
                    <not>
                        <available file="${dependency.base.dir}/${glassfish.installer.jar}"
                                property="ignored"/>
                    </not>
                    <then>
                        <get src="${glassfish.download.url}/${dl.os}/${glassfish.installer.jar}"
                            dest="${dependency.base.dir}/${glassfish.installer.jar}"
                            usetimestamp="true"/>
                    </then>
                </if>
                <echo file="${dependency.base.dir}/install.bat">
<![CDATA[
echo a > input
java -Xmx256m -jar ${dependency.base.dir}/${glassfish.installer.jar} -console < ./input
]]>
                </echo>
                <chmod file="${dependency.base.dir}/install.bat" perm="700"/>
                <exec executable="${dependency.base.dir}/install.bat" dir="${dependency.base.dir}" />
                <delete file="${dependency.base.dir}/install.bat"/>
                <delete file="${dependency.base.dir}/input"/>
                <ant antfile="${glassfish.home}/setup.xml" dir="${glassfish.home}" target="setup"/>
                <echo file="${dependency.base.dir}/glassfish/password.txt">AS_ADMIN_PASSWORD=adminadmin</echo>
                <!--
                Download and install the Eclipse JDT compiler to help speed up unit tests.  See Jan Luehe's
                blog for more information:  http://blogs.sun.com/jluehe/entry/how_to_enable_eclipse_s.
                -->
                <get src="http://blogs.sun.com/roller/resources/jluehe/jasper-compiler-jdt.jar"
                    dest="${glassfish.home}/lib/jasper-compiler-jdt.jar"
                    usetimestamp="true"/>
                <get src="http://blogs.sun.com/roller/resources/jluehe/jasper-compiler-jdt-ext.jar"
                    dest="${glassfish.home}/lib/jasper-compiler-jdt-ext.jar"
                    usetimestamp="true"/>
            </then>
        </if>

        <if>
            <not>
                <available file="${dependency.base.dir}/apache-tomcat-6.0.2.zip"
                           property="ignored"/>
            </not>
            <then>
                <get src="http://www.ip97.com/apache.org/tomcat/tomcat-6/v6.0.2/bin/apache-tomcat-6.0.2.zip"
                     dest="${dependency.base.dir}/apache-tomcat-6.0.2.zip"
                     usetimestamp="true"/>
                <unzip
                      src="${dependency.base.dir}/apache-tomcat-6.0.2.zip"
                      dest="${dependency.base.dir}"/>
            </then>
        </if>
        <if>
            <not>
                <available file="${dependency.base.dir}/jetty-${jetty.version}.zip" property="ignored"/>
            </not>
            <then>
                <get src="http://dist.codehaus.org/jetty/jetty-${jetty.version}.zip"
                     dest="${dependency.base.dir}/jetty-${jetty.version}.zip"
                     usetimestamp="true"/>
                <unzip
                    src="${dependency.base.dir}/jetty-${jetty.version}.zip"
                    dest="${dependency.base.dir}"/>
            </then>
        </if>
    </target>

    <target name="detect.os">
        <condition property="dl.os" value="SunOS">
            <and>
                <os name="SunOS"/>
                <os arch="sparc"/>
            </and>
        </condition>
        <condition property="dl.os" value="SunOS_X86">
            <and>
                <os name="SunOS"/>
                <os arch="x86"/>
            </and>
        </condition>
        <condition property="dl.os" value="WINNT">
        	<or>
	            <os name="Windows XP"/>
        		<os name="Windows 2000"/>
    		</or>
        </condition>
        <condition property="dl.os" value="Darwin">
            <os name="Mac OS X"/>
        </condition>
        <condition property="dl.os" value="Linux">
            <and>
                <os family="unix"/>
                <not>
                    <os name="SunOS"/>
                </not>
                <not>
                    <os name="Max OS X"/>
                </not>
            </and>
        </condition>
    </target>

</project>
