<?xml version="1.0" encoding="UTF-8"?>

<!--
 DO NOT ALTER OR REMOVE COPYRIGHT NOTICES OR THIS HEADER.
 
 Copyright 1997-2007 Sun Microsystems, Inc. All rights reserved.
 
 The contents of this file are subject to the terms of either the GNU
 General Public License Version 2 only ("GPL") or the Common Development
 and Distribution License("CDDL") (collectively, the "License").  You
 may not use this file except in compliance with the License. You can obtain
 a copy of the License at https://glassfish.dev.java.net/public/CDDL+GPL.html
 or glassfish/bootstrap/legal/LICENSE.txt.  See the License for the specific
 language governing permissions and limitations under the License.
 
 When distributing the software, include this License Header Notice in each
 file and include the License file at glassfish/bootstrap/legal/LICENSE.txt.
 Sun designates this particular file as subject to the "Classpath" exception
 as provided by Sun in the GPL Version 2 section of the License file that
 accompanied this code.  If applicable, add the following below the License
 Header, with the fields enclosed by brackets [] replaced by your own
 identifying information: "Portions Copyrighted [year]
 [name of copyright owner]"
 
 Contributor(s):
 
 If you wish your version of this file to be governed by only the CDDL or
 only the GPL Version 2, indicate your decision by adding "[Contributor]
 elects to include this software in this distribution under the [CDDL or GPL
 Version 2] license."  If you don't indicate a single choice of license, a
 recipient has the option to distribute your version of this file under
 either the CDDL, the GPL Version 2 or to extend the choice of license to
 its licensees as provided above.  However, if you add GPL Version 2 code
 and therefore, elected the GPL Version 2 license, then the option applies
 only if the new code is made subject to such option by the copyright
 holder.
-->


<!-- ========== Input Properties =========================================== -->


<!-- template

      <property>
        <description>
        </description>
        <display-name></display-name>
        <icon></icon>
        <property-name></property-name>
        <property-class>java.lang.String</property-class>
      </property>

-->
<root>
    <property>
        <description>
          Flag indicating that this element must never receive focus or
          be included in a subsequent submit.  A value of false causes
          no attribute to be rendered, while a value of true causes the
          attribute to be rendered as disabled=&quot;disabled&quot;.            
        </description>
        <display-name>Disabled Flag</display-name>
        <icon></icon>
        <property-name>disabled</property-name>
        <property-class>boolean</property-class>
        <property-extension>
            <pass-through>false</pass-through>
        </property-extension>
    </property>

    <property>
        <description>
          Javascript code executed when this element loses focus
          and its value has been modified since gaining focus.
        </description>
        <display-name>Input Change Script</display-name>
        <icon></icon>
        <property-name>onchange</property-name>
        <property-class>java.lang.String</property-class>
        <property-extension>
            <pass-through>true</pass-through>
        </property-extension>
    </property>

    <property>
        <description>
          Javascript code executed when text within this
          element is selected by the user.
        </description>
        <display-name>Text Select Script</display-name>
        <icon></icon>
        <property-name>onselect</property-name>
        <property-class>java.lang.String</property-class>
        <property-extension>
            <pass-through>true</pass-through>
        </property-extension>
    </property>

    <property>
        <description>
          Flag indicating that this component will prohibit changes by
          the user.  The element may receive focus unless it has also
          been disabled.  A value of false causes
          no attribute to be rendered, while a value of true causes the
          attribute to be rendered as readonly=&quot;readonly&quot;.
        </description>
        <display-name>Read Only Flag</display-name>
        <icon></icon>
        <property-name>readonly</property-name>
        <property-class>boolean</property-class>
        <property-extension>
            <pass-through>false</pass-through>
        </property-extension>
    </property>

    <property>
        <description>
          A localized user presentable name for this component.
        </description>
        <display-name>Label</display-name>
        <icon></icon>
        <property-name>label</property-name>
        <property-class>java.lang.String</property-class>
        <property-extension>
            <renderer-attribute-ignore>true</renderer-attribute-ignore>
        </property-extension>
    </property>
</root>
