<?xml version="1.0" encoding="UTF-8"?>

<!--
 The contents of this file are subject to the terms
 of the Common Development and Distribution License
 (the License). You may not use this file except in
 compliance with the License.
 
 You can obtain a copy of the License at
 https://javaserverfaces.dev.java.net/CDDL.html or
 legal/CDDLv1.0.txt. 
 See the License for the specific language governing
 permission and limitations under the License.
 
 When distributing Covered Code, include this CDDL
 Header Notice in each file and include the License file
 at legal/CDDLv1.0.txt.    
 If applicable, add the following below the CDDL Header,
 with the fields enclosed by brackets [] replaced by
 your own identifying information:
 "Portions Copyrighted [year] [name of copyright owner]"
 
 [Name of File] [ver.__] [Date]
 
 Copyright 2005 Sun Microsystems Inc. All Rights Reserved
-->

<!-- ========== ActionSource Properties ==================================== -->


<!-- template

      <property>
        <description>
        </description>
        <display-name></display-name>
        <icon></icon>
        <property-name></property-name>
        <property-class>java.lang.String</property-class>
      </property>

-->
<root>
    <property>
        <description>
          MethodExpression representing the application action to invoke
          when this component is activated by the user.  The expression
          must evaluate to a public method that takes no parameters, and
          returns an Object (the toString() of which is called to derive
          the logical outcome) which is passed to the NavigationHandler
          for this application.
        </description>
        <display-name>Application Action</display-name>
        <icon></icon>
        <property-name>actionExpression</property-name>
        <property-class>javax.el.MethodExpression</property-class>
        <property-extension>
            <method-signature>
                java.lang.Object action()
            </method-signature>
        </property-extension>
    </property>
</root>
