<?xml version='1.0' encoding='UTF-8'?>

<!--
 The contents of this file are subject to the terms
 of the Common Development and Distribution License
 (the License). You may not use this file except in
 compliance with the License.
 
 You can obtain a copy of the License at
 https://javaserverfaces.dev.java.net/CDDL.html or
 legal/CDDLv1.0.txt. 
 See the License for the specific language governing
 permission and limitations under the License.
 
 When distributing Covered Code, include this CDDL
 Header Notice in each file and include the License file
 at legal/CDDLv1.0.txt.    
 If applicable, add the following below the CDDL Header,
 with the fields enclosed by brackets [] replaced by
 your own identifying information:
 "Portions Copyrighted [year] [name of copyright owner]"
 
 [Name of File] [ver.__] [Date]
 
 Copyright 2005 Sun Microsystems Inc. All Rights Reserved
-->


<!-- ========== Core Properties ============================================ -->


<!-- template

      <property>
        <description>
        </description>
        <display-name></display-name>
        <icon></icon>
        <property-name></property-name>
        <property-class>java.lang.String</property-class>
      </property>

-->
<root>
    <property>
        <description>
          CSS style(s) to be applied when this component is rendered.
        </description>
        <display-name>CSS Styles</display-name>
        <icon></icon>
        <property-name>style</property-name>
        <property-class>java.lang.String</property-class>
        <property-extension>
            <pass-through>true</pass-through>
        </property-extension>
    </property>

    <property>
        <description>
          Space-separated list of CSS style class(es) to be applied when
          this element is rendered.  This value must be passed through
          as the "class" attribute on generated markup.
        </description>
        <display-name>CSS Style Classes</display-name>
        <icon></icon>
        <property-name>styleClass</property-name>
        <property-class>java.lang.String</property-class>
        <property-extension>
            <pass-through>false</pass-through>
        </property-extension>
    </property>

    <property>
        <description>
          Advisory title information about markup elements generated
          for this component.
        </description>
        <display-name>Advisory Title</display-name>
        <icon></icon>
        <property-name>title</property-name>
        <property-class>java.lang.String</property-class>
        <property-extension>
            <pass-through>true</pass-through>
        </property-extension>
    </property>
</root>
