<toc name="JavaServer(TM) Faces Release Notes">
    <!-- this portion is executed as the banner -->
    <banner>        
      JavaServer<sup><font size="-2">TM</font></sup> Faces Release Notes     
    </banner>
    <!-- this portion is excuted as the footer -->
    <footer>
        $Revision: 1.6 $<br/>
        $Date: 2006/06/30 17:32:16 $<br/>        
    </footer>
    <chapter name="JavaServer Faces(TM) 1.2">
        <document name="Overview"
                  url="index.html"/>
        <document name="Release Notes"
                  url="releasenotes.html"/>
        <document name="Change Log"
                  url="changelog.html"/>
        <document name="Known Issues"
                  url="issues.html"/>
    </chapter>
    <chapter name="JSF Community">
        <document name="Community"
                  url="community.html"/>
    </chapter>
</toc>
