<?xml version="1.0" encoding="UTF-8"?>

<!--
 The contents of this file are subject to the terms
 of the Common Development and Distribution License
 (the License). You may not use this file except in
 compliance with the License.
 
 You can obtain a copy of the License at
 https://javaserverfaces.dev.java.net/CDDL.html or
 legal/CDDLv1.0.txt. 
 See the License for the specific language governing
 permission and limitations under the License.
 
 When distributing Covered Code, include this CDDL
 Header Notice in each file and include the License file
 at legal/CDDLv1.0.txt.    
 If applicable, add the following below the CDDL Header,
 with the fields enclosed by brackets [] replaced by
 your own identifying information:
 "Portions Copyrighted [year] [name of copyright owner]"
 
 [Name of File] [ver.__] [Date]
 
 Copyright 2005 Sun Microsystems Inc. All Rights Reserved
-->


<!-- ========== Command+Button Properties ================================== -->


<!-- template

      <property>
        <description>
        </description>
        <display-name></display-name>
        <icon></icon>
        <property-name></property-name>
        <property-class>java.lang.String</property-class>
      </property>

-->
<root>
    <property>
      <description>
        Alternate textual description of the
        element rendered by this component.
      </description>
      <display-name>Alternate Text</display-name>
      <icon></icon>
      <property-name>alt</property-name>
      <property-class>java.lang.String</property-class>
      <property-extension>
        <pass-through>true</pass-through>
      </property-extension>
    </property>

    <property>
      <description>
        Absolute or relative URL of the image
        to be displayed for this button.  If
        specified, this "input" element will be
        of type "image".  Otherwise, it will be
        of the type specified by the "type"
        property with a label specified by the
        "value" property.
      </description>
      <display-name>Image URL</display-name>
      <icon></icon>
      <property-name>image</property-name>
      <property-class>java.lang.String</property-class>
    </property>

    <property>
        <description>
          Javascript code executed when a pointer button is
          clicked over this element.
        </description>
        <display-name>Button Click Script</display-name>
        <icon></icon>
        <property-name>onclick</property-name>
        <property-class>java.lang.String</property-class>
        <property-extension>
            <pass-through>false</pass-through>
        </property-extension>
    </property>

    <property>
        <description>
          Javascript code executed when a pointer button is
          double clicked over this element.
        </description>
        <display-name>Double Click Script</display-name>
        <icon></icon>
        <property-name>ondblclick</property-name>
        <property-class>java.lang.String</property-class>
        <property-extension>
            <pass-through>true</pass-through>
        </property-extension>
    </property>

    <property>
        <description>
          Javascript code executed when a pointer button is
          pressed down over this element.
        </description>
        <display-name>Mouse Down Script</display-name>
        <icon></icon>
        <property-name>onmousedown</property-name>
        <property-class>java.lang.String</property-class>
        <property-extension>
            <pass-through>true</pass-through>
        </property-extension>
    </property>

    <property>
        <description>
          Javascript code executed when a pointer button is
          released over this element.
        </description>
        <display-name>Mouse Up Script</display-name>
        <icon></icon>
        <property-name>onmouseup</property-name>
        <property-class>java.lang.String</property-class>
        <property-extension>
            <pass-through>true</pass-through>
        </property-extension>
    </property>

    <property>
        <description>
          Javascript code executed when a pointer button is
          moved onto this element.
        </description>
        <display-name>Mouse Over Script</display-name>
        <icon></icon>
        <property-name>onmouseover</property-name>
        <property-class>java.lang.String</property-class>
        <property-extension>
            <pass-through>true</pass-through>
        </property-extension>
    </property>

    <property>
        <description>
          Javascript code executed when a pointer button is
          moved within this element.
        </description>
        <display-name>Mouse Move Script</display-name>
        <icon></icon>
        <property-name>onmousemove</property-name>
        <property-class>java.lang.String</property-class>
        <property-extension>
            <pass-through>true</pass-through>
        </property-extension>
    </property>

    <property>
        <description>
          Javascript code executed when a pointer button is
          moved away from this element.
        </description>
        <display-name>Mouse Out Script</display-name>
        <icon></icon>
        <property-name>onmouseout</property-name>
        <property-class>java.lang.String</property-class>
        <property-extension>
            <pass-through>true</pass-through>
        </property-extension>
    </property>

    <property>
        <description>
          Javascript code executed when a key is
          pressed and released over this element.
        </description>
        <display-name>Key Press Script</display-name>
        <icon></icon>
        <property-name>onkeypress</property-name>
        <property-class>java.lang.String</property-class>
        <property-extension>
            <pass-through>true</pass-through>
        </property-extension>
    </property>

    <property>
        <description>
          Javascript code executed when a key is
          pressed down over this element.
        </description>
        <display-name>Key Down Script</display-name>
        <icon></icon>
        <property-name>onkeydown</property-name>
        <property-class>java.lang.String</property-class>
        <property-extension>
            <pass-through>true</pass-through>
        </property-extension>
    </property>

    <property>
        <description>
          Javascript code executed when a key is
          released over this element.
        </description>
        <display-name>Key Up Script</display-name>
        <icon></icon>
        <property-name>onkeyup</property-name>
        <property-class>java.lang.String</property-class>
        <property-extension>
            <pass-through>true</pass-through>
        </property-extension>
    </property>

    <property>
      <description>
         Type of button to create.  Valid values are "submit" and
         "reset".  If not specified, or not a valid value, the default
         value is "submit".
      </description>
      <display-name>Button Type</display-name>
      <icon></icon>
      <property-name>type</property-name>
      <property-class>java.lang.String</property-class>
      <property-extension>
        <default-value>"submit"</default-value>
      </property-extension>
    </property>

</root>

