<?xml version="1.0" encoding="UTF-8"?>

<!--
 The contents of this file are subject to the terms
 of the Common Development and Distribution License
 (the License). You may not use this file except in
 compliance with the License.
 
 You can obtain a copy of the License at
 https://javaserverfaces.dev.java.net/CDDL.html or
 legal/CDDLv1.0.txt. 
 See the License for the specific language governing
 permission and limitations under the License.
 
 When distributing Covered Code, include this CDDL
 Header Notice in each file and include the License file
 at legal/CDDLv1.0.txt.    
 If applicable, add the following below the CDDL Header,
 with the fields enclosed by brackets [] replaced by
 your own identifying information:
 "Portions Copyrighted [year] [name of copyright owner]"
 
 [Name of File] [ver.__] [Date]
 
 Copyright 2005 Sun Microsystems Inc. All Rights Reserved
-->


<!-- ========== SelectMany+CheckboxList Properties ========================= -->


<!-- template

      <property>
        <description>
        </description>
        <display-name></display-name>
        <icon></icon>
        <property-name></property-name>
        <property-class>java.lang.String</property-class>
      </property>

-->
<root>
    <property>
        <description>
          Width (in pixels) of the border to be drawn
          around the table containing the options list.
        </description>
        <display-name>Table Border</display-name>
        <icon></icon>
        <property-name>border</property-name>
        <property-class>int</property-class>
        <property-extension>
            <pass-through>true</pass-through>
        </property-extension>
    </property>

    <property>
        <description>
          CSS style class to apply to the rendered label
          on disabled options.
        </description>
        <display-name>Disabled Label Class</display-name>
        <icon></icon>
        <property-name>disabledClass</property-name>
        <property-class>java.lang.String</property-class>
    </property>

    <property>
        <description>
          CSS style class to apply to the rendered label
          on enabled options.
        </description>
        <display-name>Enabled Label Class</display-name>
        <icon></icon>
        <property-name>enabledClass</property-name>
        <property-class>java.lang.String</property-class>
    </property>

    <property>
        <description>
          Orientation of the options list to be created.
          Valid values are "pageDirection" (list is laid
          out vertically), or "lineDirection" (list is
          laid out horizontally).  If not specified, the
          default value is "lineDirection".
        </description>
        <display-name>Layout</display-name>
        <icon></icon>
        <property-name>layout</property-name>
        <property-class>java.lang.String</property-class>
    </property>
</root>

