<?xml version='1.0' encoding='UTF-8'?>

<!-- =========== FULL CONFIGURATION FILE ================================== -->

<faces-config version="1.2" 
    xmlns="http://java.sun.com/xml/ns/javaee" 
    xmlns:xsi="http://www.w3.org/2001/XMLSchema-instance" 
    xsi:schemaLocation="http://java.sun.com/xml/ns/javaee http://java.sun.com/xml/ns/javaee/web-facesconfig_1_2.xsd">
    
    <managed-bean>
        <managed-bean-name>bean</managed-bean-name>
        <managed-bean-class>com.sun.faces.systest.model.ThrowWrappedExceptionOnPropertyGet</managed-bean-class>
        <managed-bean-scope>request</managed-bean-scope>
    </managed-bean>
    
</faces-config>
