<?xml version='1.0' encoding='UTF-8'?>

<!--
 Copyright 2004 Sun Microsystems, Inc. All rights reserved.
 SUN PROPRIETARY/CONFIDENTIAL. Use is subject to license terms.
-->


<faces-config xmlns="http://java.sun.com/xml/ns/javaee"
    xmlns:xsi="http://www.w3.org/2001/XMLSchema-instance"
    xsi:schemaLocation="http://java.sun.com/xml/ns/javaee http://java.sun.com/xml/ns/javaee/web-facesconfig_1_2.xsd"
    version="1.2">


  <application>
    <message-bundle>com.sun.faces.CustomMessages</message-bundle>
    <locale-config>
        <default-locale>en_US</default-locale>
    </locale-config>
    <resource-bundle>      
      <base-name>com.sun.faces.systest.resources.ResourceBundle01</base-name>
      <var>resourceBundle01</var>
    </resource-bundle>
    <resource-bundle>      
      <base-name>com.sun.faces.systest.resources.ResourceBundle03</base-name>
        <var>resourceBundle03</var>
    </resource-bundle>
  </application>
  <factory>
    <application-factory>com.sun.faces.systest.lifecycle.ApplicationFactoryWrapper</application-factory>
    <faces-context-factory>com.sun.faces.systest.lifecycle.FacesContextFactoryWrapper</faces-context-factory>
    <lifecycle-factory>com.sun.faces.systest.lifecycle.LifecycleFactoryWrapper</lifecycle-factory>
    <render-kit-factory>com.sun.faces.systest.lifecycle.RenderKitFactoryWrapper</render-kit-factory>
  </factory>
    
    <converter>
        <converter-for-class>com.sun.faces.systest.model.SpecialBean</converter-for-class>
        <converter-class>com.sun.faces.systest.model.SpecialConverter</converter-class>        
    </converter>

    <managed-bean>
        <managed-bean-name>enumbean</managed-bean-name>
        <managed-bean-class>
            com.sun.faces.systest.model.EnumBean
        </managed-bean-class>
        <managed-bean-scope>request</managed-bean-scope>
    </managed-bean>
    
  <managed-bean>
    <managed-bean-name>valueChangeListenerBean</managed-bean-name>
    <managed-bean-class>
      com.sun.faces.systest.model.ValueChangeListenerBean
    </managed-bean-class>
    <managed-bean-scope>request</managed-bean-scope>
  </managed-bean>

  <managed-bean>
    <managed-bean-name>listenerBean</managed-bean-name>
    <managed-bean-class>
      com.sun.faces.systest.model.ListenerBean
    </managed-bean-class>
    <managed-bean-scope>request</managed-bean-scope>
  </managed-bean>

  <managed-bean>
    <managed-bean-name>TestValueChangeListener01</managed-bean-name>
    <managed-bean-class>
      com.sun.faces.systest.TestValueChangeListener01
    </managed-bean-class>
    <managed-bean-scope>request</managed-bean-scope>
  </managed-bean>

  <managed-bean>
    <managed-bean-name>TestActionListener01</managed-bean-name>
    <managed-bean-class>
      com.sun.faces.systest.TestActionListener01
    </managed-bean-class>
    <managed-bean-scope>request</managed-bean-scope>
  </managed-bean>

  <managed-bean>
    <managed-bean-name>validatorBean</managed-bean-name>
    <managed-bean-class>
      com.sun.faces.systest.model.ValidatorBean
    </managed-bean-class>
    <managed-bean-scope>request</managed-bean-scope>
  </managed-bean>
                                                                                
  <managed-bean>
    <managed-bean-name>converterBean</managed-bean-name>
    <managed-bean-class>
      com.sun.faces.systest.model.ConverterBean
    </managed-bean-class>
    <managed-bean-scope>request</managed-bean-scope>
  </managed-bean>

  <!-- Managed Bean #1, No Property Overrides -->
  <managed-bean>
    <managed-bean-name>test1</managed-bean-name>
    <managed-bean-class>
      com.sun.faces.systest.model.TestBean
    </managed-bean-class>
    <managed-bean-scope>request</managed-bean-scope>
  </managed-bean>
    
    <managed-bean>
        <managed-bean-name>interweaving08</managed-bean-name>
        <managed-bean-class>
            com.sun.faces.systest.model.InterweavingBean
        </managed-bean-class>
        <managed-bean-scope>session</managed-bean-scope>
    </managed-bean>
    
    <managed-bean>
        <managed-bean-name>interweaving09</managed-bean-name>
        <managed-bean-class>
            com.sun.faces.systest.model.InterweavingBean
        </managed-bean-class>
        <managed-bean-scope>session</managed-bean-scope>
    </managed-bean>
    
    <managed-bean>
        <managed-bean-name>interweaving10</managed-bean-name>
        <managed-bean-class>
            com.sun.faces.systest.model.InterweavingBean
        </managed-bean-class>
        <managed-bean-scope>session</managed-bean-scope>
    </managed-bean>
  
  <managed-bean>
    <managed-bean-name>forEachBean1</managed-bean-name>
    <managed-bean-class>
      com.sun.faces.systest.model.TestBean
    </managed-bean-class>
    <managed-bean-scope>session</managed-bean-scope>
  </managed-bean>

  <managed-bean>
        <managed-bean-name>BooksBean</managed-bean-name>
        <managed-bean-class>com.sun.faces.systest.model.BooksBean</managed-bean-class> 
        <managed-bean-scope>session</managed-bean-scope>
  </managed-bean>     

  <!-- Managed Bean #2, Primitive Property Overrides -->
  <managed-bean>
    <managed-bean-name>test2</managed-bean-name>
    <managed-bean-class>
      com.sun.faces.systest.model.TestBean
    </managed-bean-class>
    <managed-bean-scope>request</managed-bean-scope>
    <managed-property>
      <property-name>booleanProperty</property-name>
      <value>false</value>
    </managed-property>
    <managed-property>
      <property-name>byteProperty</property-name>
      <value>21</value>
    </managed-property>
    <managed-property>
      <property-name>doubleProperty</property-name>
      <value>321.54</value>
    </managed-property>
    <managed-property>
      <property-name>floatProperty</property-name>
      <value>21.43</value>
    </managed-property>
    <managed-property>
      <property-name>intProperty</property-name>
      <value>321</value>
    </managed-property>
    <managed-property>
      <property-name>longProperty</property-name>
      <value>54321</value>
    </managed-property>
    <managed-property>
      <property-name>shortProperty</property-name>
      <value>4321</value>
    </managed-property>
    <managed-property>
      <property-name>stringProperty</property-name>
      <value>New String Value</value>
    </managed-property>
    <managed-property>
      <property-name>userName</property-name>
      <value>#{usernamecomponent}</value>
    </managed-property>
    <managed-property>
      <property-name>suit</property-name>
      <value>Hearts</value>
    </managed-property>
    <managed-property>
      <property-name>referencedSuit</property-name>
      <value>#{test3.suit}</value>
    </managed-property>    
  </managed-bean>

  <!-- Managed Bean #3, No Property Overrides -->
  <managed-bean>
    <managed-bean-name>test3</managed-bean-name>
    <managed-bean-class>
      com.sun.faces.systest.model.TestBean
    </managed-bean-class>
    <managed-bean-scope>session</managed-bean-scope>
    <managed-property>
      <property-name>suit</property-name>
      <value>Spades</value>
    </managed-property>
  </managed-bean>

  <managed-bean>
    <managed-bean-name>phaseListener</managed-bean-name>
    <managed-bean-class>
      com.sun.faces.systest.model.PrintEventToRequestMapPhaseListener
    </managed-bean-class>
    <managed-bean-scope>request</managed-bean-scope>
    <managed-property>
      <property-name>phaseIdString</property-name>
      <value>ANY_PHASE</value>
    </managed-property>
  </managed-bean>

   <!-- validator -->
  <validator>
    <description>TestValidator Description</description>
    <validator-id>TestValidator</validator-id>
    <validator-class>com.sun.faces.systest.TestValidator</validator-class>
  </validator>

  <validator>
    <description>TestValidator01 Description</description>
    <validator-id>TestValidator01</validator-id>
    <validator-class>com.sun.faces.systest.TestValidator01</validator-class>
  </validator>

  <!-- converter -->
  <converter>
    <description>Test Converter</description>
    <converter-id>TestConverter</converter-id>
    <converter-class>com.sun.faces.systest.TestConverter</converter-class>
  </converter>
  
  <converter>
    <description>TestConverter01 Description</description>
    <converter-id>TestConverter01</converter-id>
    <converter-class>com.sun.faces.systest.TestConverter01</converter-class>
  </converter>

  <!-- component -->
  <component>
    <component-type>TestComponent</component-type>
    <component-class>com.sun.faces.systest.TestComponent</component-class>
  </component>
  
   <managed-bean>
      <managed-bean-name>usernamecomponent</managed-bean-name>
      <managed-bean-class>
         javax.faces.component.UIInput
      </managed-bean-class>
      <managed-bean-scope>request</managed-bean-scope>
      <managed-property>
        <property-name>size</property-name>
        <value>16</value>
      </managed-property>
      <managed-property>
        <property-name>maxlength</property-name>
        <value>32</value>
      </managed-property>
  </managed-bean>
  
  <!-- custom renderkit -->
  <render-kit>
    <render-kit-id>CUSTOM</render-kit-id>
    <render-kit-class>com.sun.faces.systest.render.CustomRenderKitImpl</render-kit-class>
    <renderer>
      <component-family>javax.faces.Output</component-family>
      <renderer-type>javax.faces.Text</renderer-type>
      <renderer-class>com.sun.faces.systest.render.TextRenderer</renderer-class>
    </renderer>
    <renderer>
      <component-family>javax.faces.Form</component-family>
      <renderer-type>javax.faces.Form</renderer-type>
      <renderer-class>com.sun.faces.systest.render.FormRenderer</renderer-class>
    </renderer>
    <renderer>
      <component-family>javax.faces.Command</component-family>
      <renderer-type>javax.faces.Button</renderer-type>
      <renderer-class>com.sun.faces.systest.render.ButtonRenderer</renderer-class>
    </renderer>
  </render-kit>

  <!-- Component that renders its own "header" and "footer" facets -->
  <component>
    <component-type>FacetComponent</component-type>
    <component-class>com.sun.faces.systest.FacetComponent</component-class>
  </component>

  <!-- Component that renders its own children -->
  <component>
    <component-type>ChildrenComponent</component-type>
    <component-class>com.sun.faces.systest.ChildrenComponent</component-class>
  </component>

  <!-- Component that dynamically adds and removes children -->
  <component>
    <component-type>DynamicComponent</component-type>
    <component-class>com.sun.faces.systest.DynamicComponent</component-class>
  </component>

  <!-- Managed Bean for "jsp/form-input-02" tests -->
  <managed-bean>
    <managed-bean-name>formInput02</managed-bean-name>
    <managed-bean-class>
      com.sun.faces.systest.model.TestBean
    </managed-bean-class>
    <managed-bean-scope>request</managed-bean-scope>
  </managed-bean>

  <!-- Managed Bean for "jsp/prependId" tests -->
  <managed-bean>
    <managed-bean-name>prependIdBean</managed-bean-name>
    <managed-bean-class>
      com.sun.faces.systest.model.TestBean
    </managed-bean-class>
    <managed-bean-scope>request</managed-bean-scope>
    <managed-property>
      <property-name>booleanProperty</property-name>
      <value>true</value>
    </managed-property>
    <managed-property>
      <property-name>booleanProperty2</property-name>
      <value>false</value>
    </managed-property>
  </managed-bean>


  <!-- Managed Bean for "jsp/jstl-foreach-XX" tests -->
  <managed-bean>
    <managed-bean-name>forEachBean</managed-bean-name>
    <managed-bean-class>
      com.sun.faces.systest.model.ForEachBean
    </managed-bean-class>
    <managed-bean-scope>request</managed-bean-scope>
  </managed-bean>

  <!-- Test Managed bean cyclic references -->
  <managed-bean>
    <managed-bean-name>
        cyclic1
    </managed-bean-name>
    <managed-bean-class>
        com.sun.faces.systest.model.TestBean
    </managed-bean-class>
    <managed-bean-scope>
        request
    </managed-bean-scope>
   
    <managed-property>
        <property-name>bean</property-name>
        <value>#{cyclic2}</value>
    </managed-property>
  </managed-bean>
   
  <managed-bean>
    <managed-bean-name>
        cyclic2
    </managed-bean-name>
    <managed-bean-class>
        com.sun.faces.systest.model.TestBean
    </managed-bean-class>
    <managed-bean-scope>
        request
    </managed-bean-scope>
   
    <managed-property>
        <property-name>bean</property-name>
        <value>#{cyclic3}</value>
    </managed-property> 
  </managed-bean>
  
  <managed-bean>
    <managed-bean-name>
        cyclic3
    </managed-bean-name>
    <managed-bean-class>
        com.sun.faces.systest.model.TestBean
    </managed-bean-class>
    <managed-bean-scope>
        request
    </managed-bean-scope>
   
    <managed-property>
        <property-name>bean</property-name>
        <value>#{cyclic1}</value>
    </managed-property> 
  </managed-bean>
  
  <!-- for the methodref tests -->
  <managed-bean>
    <managed-bean-name>methodRef</managed-bean-name>
    <managed-bean-class>
      com.sun.faces.systest.model.MethodRef
    </managed-bean-class>
    <managed-bean-scope>session</managed-bean-scope>
  </managed-bean>

  <managed-bean>
    <description>This bean refers to a request scoped bean: should cause exception.</description>
    <managed-bean-name>test4</managed-bean-name>
    <managed-bean-class>
      com.sun.faces.systest.model.TestBean
    </managed-bean-class>
    <managed-bean-scope>session</managed-bean-scope>
    <managed-property>
      <property-name>stringProperty</property-name>
      <value>#{test1.stringProperty}</value>
    </managed-property>
  </managed-bean>

  <managed-bean>
    <description>immediate01</description>
    <managed-bean-name>immediateBean</managed-bean-name>
    <managed-bean-class>
      com.sun.faces.systest.model.TestBean
    </managed-bean-class>
    <managed-bean-scope>session</managed-bean-scope>
    <managed-property>
      <property-name>stringProperty</property-name>
      <null-value />
    </managed-property>
  </managed-bean>

  <managed-bean>
    <managed-bean-name>propertyOrder</managed-bean-name>
    <managed-bean-class>
      com.sun.faces.systest.model.PropertyOrderBean
    </managed-bean-class>
    <managed-bean-scope>none</managed-bean-scope>
    <managed-property>
      <property-name>one</property-name>
      <value>one</value>
    </managed-property>
    <managed-property>
      <property-name>two</property-name>
      <value>two</value>
    </managed-property>
    <managed-property>
      <property-name>three</property-name>
      <value>three</value>
    </managed-property>
    <managed-property>
      <property-name>four</property-name>
      <value>four</value>
    </managed-property>
    <managed-property>
      <property-name>listProperty</property-name>
      <list-entries>
        <value>five</value>
        <value>six</value>
        <value>seven</value>
        <value>eight</value>
      </list-entries>
    </managed-property>
  </managed-bean>

  <managed-bean>
    <managed-bean-name>duplicateIds04</managed-bean-name>
    <managed-bean-class>
      com.sun.faces.systest.DuplicateIds04
    </managed-bean-class>
    <managed-bean-scope>session</managed-bean-scope>
  </managed-bean>
  
  <managed-bean>
    <managed-bean-name>resourceInjectionBean</managed-bean-name>
    <managed-bean-class>
      com.sun.faces.systest.model.ResourceInjectionBean
    </managed-bean-class>
    <managed-bean-scope>session</managed-bean-scope>
  </managed-bean>

  <managed-bean>
    <managed-bean-name>ResetUniqueRequestIdBean</managed-bean-name>
    <managed-bean-class>
      com.sun.faces.application.ResetUniqueRequestIdBean
    </managed-bean-class>
    <managed-bean-scope>request</managed-bean-scope>
  </managed-bean>
  
    <managed-bean>
    <managed-bean-name>noneBean</managed-bean-name>
    <managed-bean-class>
      com.sun.faces.systest.model.TestBean
    </managed-bean-class>
    <managed-bean-scope>none</managed-bean-scope>
    <managed-property>
      <property-name>stringProperty</property-name>
      <value>noneBean</value>
    </managed-property>
  </managed-bean>
  
    <managed-bean>
    <managed-bean-name>requestBean</managed-bean-name>
    <managed-bean-class>
      com.sun.faces.systest.model.TestBean
    </managed-bean-class>
    <managed-bean-scope>request</managed-bean-scope>
    <managed-property>
      <property-name>stringProperty</property-name>
      <value>requestBean</value>
    </managed-property>
  </managed-bean>
  
  <managed-bean>
    <managed-bean-name>sessionBean</managed-bean-name>
    <managed-bean-class>
      com.sun.faces.systest.model.TestBean
    </managed-bean-class>
    <managed-bean-scope>session</managed-bean-scope>
    <managed-property>
      <property-name>stringProperty</property-name>
      <value>sessionBean</value>
    </managed-property>
  </managed-bean>
  
  <managed-bean>
    <managed-bean-name>applicationBean</managed-bean-name>
    <managed-bean-class>
      com.sun.faces.systest.model.TestBean
    </managed-bean-class>
    <managed-bean-scope>application</managed-bean-scope>
      <managed-property>
      <property-name>stringProperty</property-name>
      <value>applicationBean</value>
    </managed-property>
</managed-bean>  
    
    <managed-bean>
       <managed-bean-name>testListBox</managed-bean-name>
       <managed-bean-class>com.sun.faces.systest.model.TestListBox</managed-bean-class>
       <managed-bean-scope>request</managed-bean-scope>
     </managed-bean>
     <managed-bean>
       <managed-bean-name>testBeanConverter</managed-bean-name>
       <managed-bean-class>com.sun.faces.systest.model.TestBeanConverter</managed-bean-class>
       <managed-bean-scope>none</managed-bean-scope>
     </managed-bean>

  <navigation-rule>
    <from-view-id>*</from-view-id>
    <navigation-case>
      <description>Default rule, go back to welcome page</description> 
      <display-name>The Generic Rule</display-name> 
      <from-outcome>welcome</from-outcome>
      <to-view-id>/index.html</to-view-id>
      <redirect/>
    </navigation-case>
  </navigation-rule>
    

  <navigation-rule>
    <from-view-id>/redirect.jsp</from-view-id>
    <navigation-case>
      <description>If the action returns "success", goto
      redirect1.jsp</description> 
      <display-name>The Generic Rule</display-name> 
      <from-outcome>success</from-outcome>
      <to-view-id>/redirect1.jsp</to-view-id>
      <redirect/>
    </navigation-case>
  </navigation-rule>

  <navigation-rule>
    <from-view-id>/jsp/verbatim-test.jsp</from-view-id>
    <navigation-case>
      <description>If the action returns "success", goto
      redirect1.jsp</description> 
      <display-name>The Generic Rule</display-name> 
      <from-outcome>success</from-outcome>
      <to-view-id>/redirect1.jsp</to-view-id>
    </navigation-case>
  </navigation-rule>

  <navigation-rule>
    <from-view-id>/taglib/commandLink_multiform_test.jsp</from-view-id>
     <navigation-case>
       <from-outcome>redirect</from-outcome>
       <to-view-id>/redirect1.jsp</to-view-id>
       <redirect/>
     </navigation-case>
     <navigation-case>
       <from-outcome>forward</from-outcome>
       <to-view-id>/redirect1.jsp</to-view-id>
     </navigation-case>
  </navigation-rule>

  <navigation-rule>
    <from-view-id>/renderkit04.jsp</from-view-id>
    <navigation-case>
      <description>If the action returns "success", goto
      renderkit05.jsp</description>
      <display-name>The Generic Rule</display-name>
      <from-outcome>success</from-outcome>
      <to-view-id>/renderkit05.jsp</to-view-id>
    </navigation-case>
  </navigation-rule>
  <navigation-rule>
    <from-view-id>/renderkit05.jsp</from-view-id>
    <navigation-case>
      <description>If the action returns "success", goto
      renderkit04.jsp</description>
      <display-name>The Generic Rule</display-name>
      <from-outcome>success</from-outcome>
      <to-view-id>/renderkit04.jsp</to-view-id>
    </navigation-case>
  </navigation-rule>
  
  <navigation-rule>
    <from-view-id>/enum01.jsp</from-view-id>
    <navigation-case>
      <description>If the action returns "Spades", goto
      hello.jsp</description>
      <display-name>The Generic Rule</display-name>
      <from-outcome>Spades</from-outcome>
      <to-view-id>/hello.jsp</to-view-id>
    </navigation-case>
  </navigation-rule>
  

</faces-config>
