<?xml version='1.0' encoding='UTF-8'?>

<!--
 Copyright 2004 Sun Microsystems, Inc. All rights reserved.
 SUN PROPRIETARY/CONFIDENTIAL. Use is subject to license terms.
-->


<faces-config xmlns="http://java.sun.com/xml/ns/javaee"
    xmlns:xsi="http://www.w3.org/2001/XMLSchema-instance"
    xsi:schemaLocation="http://java.sun.com/xml/ns/javaee http://java.sun.com/xml/ns/javaee/web-facesconfig_1_2.xsd"
    version="1.2">


  <!-- Managed Bean #1, No Property Overrides -->
  <managed-bean>
    <managed-bean-name>mybean</managed-bean-name>
    <managed-bean-class>
      com.sun.faces.systest.model.TestBean
    </managed-bean-class>
    <managed-bean-scope>request</managed-bean-scope>
  </managed-bean>

</faces-config>
