<?xml version="1.0" encoding="UTF-8"?>

<!DOCTYPE sun-web-app PUBLIC '-//Sun Microsystems, Inc.//DTD Sun ONE Application Server 8.0 Servlet 2.4//EN' 'http://www.sun.com/software/sunone/appserver/dtds/sun-web-app_2_4-0.dtd'>

<sun-web-app>
  <session-config>
    <session-manager/>
  </session-config>
  <resource-ref>
     <res-ref-name>com.sun.faces.systest.model.ResourceInjectionBean/ds1</res-ref-name>
     <jndi-name>jdbc/__default</jndi-name>
  </resource-ref>
  <resource-ref>
     <res-ref-name>myDataSource2</res-ref-name>
     <jndi-name>jdbc/__default</jndi-name>
  </resource-ref>
  <resource-ref>
     <res-ref-name>jdbc/myDataSource3</res-ref-name>
     <jndi-name>jdbc/__default</jndi-name>
  </resource-ref>
  <resource-ref>
     <res-ref-name>myDataSource4</res-ref-name>
     <jndi-name>jdbc/__default</jndi-name>
  </resource-ref>
  <resource-ref>
     <res-ref-name>myDataSource5</res-ref-name>
     <jndi-name>jdbc/__default</jndi-name>
  </resource-ref>
  <resource-ref>
     <res-ref-name>jdbc/myDataSource6</res-ref-name>
     <jndi-name>jdbc/__default</jndi-name>
  </resource-ref>
  <class-loader delegate="true"/>
  <jsp-config/>
</sun-web-app>

